dessert_name,city_id,dessert_number,dessert_address,dessert_rating,dessert_website,description,content_link
Sticky Fingers Sweets & Eats,1,(202) 299-9700,"314 Carroll St NW, Washington, DC 20012",4.3,https://stickyfingersbakery.com/?srsltid=AfmBOoqGFh3V2gWIr5ztJeoBRXoVkv4k5tlOzFDdkKYi7JB7mxt8vpXR,"Sticky Fingers specializes in vegan sweets, offering a variety of cakes, cookies, and pastries. It’s a favorite for both vegans and non-vegans looking for a delicious and guilt-free treat.

",https://www.youtube.com/watch?v=cWdH3PPW15o
Patisserie Poupon,1,(202) 342-3248,"1645 Wisconsin Ave NW, Washington, DC 20007",4.3,https://patisseriepoupon.com/,"Patisserie Poupon is a French bakery offering an array of pastries, cakes, and chocolates. With an emphasis on quality and authenticity, it's a beloved spot for anyone craving classic French desserts.",https://www.instagram.com/patisseriepoupondc/p/Cl6GVsjumtH/
Pasha Castle,1,(202) 450-1810,"3279 1/2 M St NW, Washington, DC 20007",4.7,https://pashacastle.com/,"Pasha Castle offers unique Middle Eastern-inspired desserts, including baklava and Turkish delights. The elegant setting and exotic flavors make it a must-visit for anyone with a sweet tooth.",https://www.youtube.com/watch?v=U7bmSSUOmG4
The Cakeroom,1,(202) 450-4462,"2006 18th St NW Washington, DC 20009",4.2,https://shop.cakeroombakery.com/,"The Cakeroom specializes in decadent cakes, cupcakes, and other baked goods. With a focus on high-quality ingredients and beautiful presentation, it’s a perfect place for both dessert lovers and special events.",https://www.youtube.com/watch?v=bVeq8lgJSYs
Rose Ave Bakery,1,(202) 506-4380,"2633 Connecticut Ave NW, Washington, DC 20008",4.7,https://www.roseavebakery.com/,"Rose Ave Bakery offers an assortment of cakes, pastries, and sweet treats with a focus on fresh ingredients and beautiful designs. It's the perfect spot for a special occasion or an everyday indulgence.",https://www.youtube.com/watch?v=CT3OkpRNozs
Here's The Scoop,1,(202) 629-4040,"2824 Georgia Ave NW (LL), Washington, DC 20001",4.1,https://www.georgetowncupcake.com/,"Here's The Scoop serves up delicious, homemade ice cream in a variety of creative flavors. It’s a perfect spot for a sweet treat on a hot day, with a playful atmosphere and family-friendly vibes.",https://www.youtube.com/watch?v=P7wXFWP21l4
Un Je Ne Sais Quoi,1,(202) 721-0099,"1361 Connecticut Ave NW, Washington, DC 20036",4.7,https://unjenesaisquoi.square.site/,"Un Je Ne Sais Quoi is a charming French bakery offering a variety of delicate pastries, including macarons, tarts, and éclairs. Its quaint atmosphere makes it a perfect spot for sweet indulgence.",https://www.youtube.com/watch?v=B43I7y2nyT4
Poppin Mess Champagne & Dessert Bar,1,(202) 971-9583,"1301 U St NW, Washington, DC 20009",4.5,No Website,Poppin Mess offers a unique experience combining champagne and delectable desserts in an upscale setting. Their sweet treats and bubbles are perfect for a celebration or casual indulgence.,https://www.instagram.com/poppinmess/
Crepeaway,1,(202) 973-0404,"2001 L St NW, Washington, DC 20036",4.5,https://www.crepeaway.com/,"Crepeaway is a fun, casual spot offering both sweet and savory crepes. Their diverse menu and fresh ingredients make it a perfect choice for a quick dessert or a casual meal.",https://www.instagram.com/crepeawayydc/
Dominique Ansel Bakery,2,(212) 219-2773,"189 Spring St, New York, NY 10012",4.3,https://www.dominiqueanselny.com/,"Located in Soho, this bakery serves up creative and amazing French treats. While they have a wide variety of baked goods and pastries, their Cronut is a combination of the classic croissant and donut that has a delicious flaky crust. They have different specials every day, one of the days they have a Cronut with apricot icing and an extra creamy custard filling. Do yourself a favor and pay them a visit. You won’t regret it! They usually introduce a new cronut with every new season. Last September they came out with a fig & almond Cronut® – filled with homemade fig jam and creamy toasted almond ganache.",https://youtu.be/b6A2sQpHWUo?si=7PBL3ZmpYLP1Qhh3
MarieBelle,2,(212) 925-6999,"484 Broome St, New York, NY 10013",4.7,https://mariebelle.com/,"This spot is a chocolate parlor circa 1880 where European traditions like high tea are blended with scrumptious versions of chocolate. Step inside the enchanting Cacao Bar by MarieBelle New York, where the boundaries of time and space dissolve and the senses are transported to a bygone era; where the scents of rich chocolate and richly brewed espresso waft through the air, tantalizing your senses and drawing you in. The first thing that catches your eye is the stunning array of antiques that adorn this space. Vintage furniture, antique clocks, and ornate chandeliers create a sense of nostalgia and sophistication while transporting you to a different era. But it’s not just the decor that’s special; the Cacao Bar is designed to be a haven for relaxation and indulgence.  Whether you’re looking for a quiet spot to escape the hustle of daily city life or a unique setting for your next gathering, this space has everything you need. At MarieBelle’s Cacao Bar, surrender to a lavish afternoon high tea experience that will leave you feeling pampered and satisfied; here the art of afternoon tea is elevated to new heights, offering a sumptuous spread of gourmet delights that are guaranteed to delight your senses.",https://www.instagram.com/mariebelleofficial/
A La Mousse,5,(215) 238-9100,"145 N 11th St, Philadelphia, PA 19107",4.6,https://www.instagram.com/alamousse/#,"A La Mousse is a modern and cozy dessert shop located in Philadelphia, PA (Multiple locations throughout the city), offering a delectable selection of housemade treats such as matcha cake, chocolate mousse cakes, and macarons in various flavors and shapes. With over 20 layers of crepe cake filled with delicious creams, their signature mango mille crepe cake is a must-try, while their refreshing lemonade mint green tea provides the perfect accompaniment to their sweet offerings.",https://www.youtube.com/watch?v=Ze3xmc32xGs
Bredenbeck's Bakery,5,(215) 247-7374,"8126 Germantown Ave. Philadelphia, PA 19118",4.6,https://bredenbecks.com/,"Bredenbeck’s Bakery & Ice Cream Parlor has been serving sweet confections and ice cream treats to customers in Philadelphia and beyond since 1889. Bredenbeck’s is a full line scratch bakery specializing in unique custom design cakes, your favorite classic pastries, and many more sweet treats! NOTE: They are closed for the season until Spring. ",https://www.instagram.com/bredenbecks/
Termini Bros Bakery,5,(215) 334-1816,"1523 S 8th St, Philadelphia, PA 19147",4.6,https://www.termini.com/,"Since 1921, when brothers Giuseppe and Gaetano first opened up shop in their South Philadelphia pasticceria, the Termini name has been associated with tradition, quality, and handmade Sicilian sweets. Now in the hands of the third generation of Termini brothers, the bakery never wavers from that foundation. They still make traditional cookies, cakes, pastries, and torrone (nougat candy studded with nuts), just the way their grandfather and father did for over 90 years. Walk by their long counter filled with cookies fragrant with almond and orange—amaretti, biscotti, pignoli— flaky sfogliatelle, tall, immaculately frosted carrot and cream cakes, and you’ll understand why Termini leads the pack of Philadelphia’s Italian bakeries and has become a family tradition for so many people. Whether your pick is New York–style cheesecake, fig bars with Marsala and hazelnuts, or cannoli filled with whipped ricotta cheese, chocolate, or vanilla cream, a stop at Termini might become a family tradition for you, too. They have mulitple locations across the city, including one in Reading Terminal Market. ",https://www.youtube.com/watch?v=uooNNNbEwlc
Sweets & Treats Factory,5,(215) 391-5920,"6706 Rising Sun Ave, Philadelphia, PA 19111",4.7,https://www.sweetstreatsfactory.com/,"Sweets & Treats Factory is a dessert shop located in the Lawndale neighborhood of Philadelphia, specializing in a variety of sweet treats. The menu features an array of cupcakes, including options to purchase them in boxes of various sizes, and chocolate-covered items like pretzels and Oreos. Additionally, they offer a selection of mini cheesecakes and larger cakes, with popular choices among customers being the Churro Cheesecake and Tres Leches Cake.",https://www.instagram.com/sweetsandtreatsfactory/
Tartes,5,(215) 625-2510,"212 Arch St, Philadelphia, PA 19106",4.8,https://www.tartespastryshop.com/,"This spot is a little pink stand alone shop on Arch street in Phila between 2nd and Third street in Old City, is where the best homemade bakery for brownies, cookies, lemon tarts, fruit tarts, can be purchased. With bakers inside baking away, with a sliding glass window where you can see from outside what is available same day.",https://www.youtube.com/watch?v=MTDQoTXKkRs
The Franklin Fountain,5,(215) 627-1899,"116 Market St, Philadelphia, PA 19106",4.5,https://franklinfountain.com/,"Established in 2004, brothers Ryan & Eric Berley collaborated in their family's building that dates from 1898 to re-create a turn-of-the-century soda fountain. Using the original pressed tin ceilings & walls and penny tile floor, the Berley Brothers harnessed their childhood rearing (their mother has been dealing antiques for over 30 years) to outfit an authentic soda shop. Simultaneously, brother Eric learned ice cream making upon graduation from college in order to create their signature ice creams in the classic Philadelphia tradition. After learning how to tie bow-ties and cultivate early 20th century fashions, The Franklin Fountain opened to great acclaim in the summer of 2004. Since then and hundreds of thousands of customers later, The Fountain has been featured on ""Road Tasted"" with the Deene Brothers, ""Man vs. Food,"" ""Unwrapped"" and ""The Best Thing I Ever Ate"" with Marc Summers, amongst other press including the Philadelphia Inquirer, New York Times, Saveur, Bon Appetit, etc. etc.",https://www.youtube.com/watch?v=AQIpfDxzmhA
Harper's Ice Cream,5,(215) 789-6597,"2827 W Girard Ave, Philadelphia, PA 19130",4.8,https://www.harpersicecream.com/,"Harper's Homemade Ice Cream is a small-batch wholesale ice cream company based in Philadelphia with a unique collection of flavors, including 18 core flavors. Each batch is made with sweet cream from grass-fed Pennsylvania cows and seasonal ingredients baked into the batter. The Strawberry Pistachio Streusel starts with Jersey fresh strawberries, a homemade jam and sweet cream. There's Blueberry Pie too, made with local blueberry jam and homemade shortbread cookies. Harper's is available at four locations across the city: Rybrew, Rybread, Primal Supply, and Riverwards Produce.",https://philly.eater.com/maps/philadelphia-where-to-order-best-ice-cream-pickup-delivery
Sweet Nina's,5,(215) 805-8757,"51 N 12th St, 19107 3rd Ave B, Philadelphia, PA 19107",4.9,https://www.sweetninas.com/,"Sweet Nina's is a dessert shop inside Reading Terminal Market specializes in classic and flavored banana pudding, plus bread pudding.",https://www.instagram.com/sweet.ninas/
Sweet T's Bakery & Snack Shop,5,(267) 319-1819,"51 North 12th, 1136 Arch St, Philadelphia, PA 19107",4.6,https://www.sweettsbakery.co/,"Located in Reading Terminal Market, Sweet T’s Bakery is believed to be the first Black-owned bakery in Market history. They offer a line of sweet-potato-based sweets and baked goods like sweet potato pie, sweet potato pound cake, and sweet potato cheesecake along with four signature drinks.",https://www.theinfatuation.com/philadelphia/guides/where-to-eat-in-reading-terminal-market
Azucar Ice Cream,6,(305) 381-0369,"1503 SW 8th St, Miami, FL 33135",4.5,https://www.azucaricecream.com/,"It’s hard to imagine that one corner of Little Havana without the two-story sculpture of an ice cream cone. Azucar Ice Cream has come to signify the neighborhood. Just as Little Havana helped build Azucar. The ice cream shop has all the iconic, Miami elements down to its iconic name: the catchphrase of the immortal Celia Cruz: ""Azucar!"" The flavors: guava, cream cheese and Maria cookies — all in one ice cream? It’s like a frozen pastelito! Cafe con leche. Something called ""Cochino Borracho"" with candied bacon. The way it reflects the flavors of Miami culture is part of its success. When you’re strolling Calle Ocho beneath the sweltering sun, nothing cools off your afternoon like a frosty treat. Pop into Azucar, where you’ll find flavors that could only be dreamed up in Miami. They also have another location in Pinecrest. ",https://www.youtube.com/watch?v=6oA6oQBN7b0
Oh My Gosh Brigadeiros,6,(305) 456-8378,"2205 SW 23rd Ave, Miami, FL 33145",4.7,https://www.omgbrigadeiros.com/,"A brigadeiro is a traditional Brazilian dessert, a popular chocolate treat named after the Brazilian hero, Brigadeiro Eduardo Gomes. Brigadeiros are made of condensed milk, cocoa powder, butter, and chocolate sprinkles covering the outside layer. They are also referred to as bon-bons, truffles or fudge balls. Luciano Brilho, a young American-Brazilian entrepreneur opened up the first Oh My Gosh! Brigadeiro boutique in Miami, Florida. They also offer small cake jars, several types of cakes, coffees and shakes, all very delicious.They have several locations in Miami with their Flagship store located in Coral Gables. ",https://miami.eater.com/maps/best-candy-chocolate-shops-miami-south-florida
Dasher & Crank,6,(305) 640-8579,"2211 NW 2nd Ave, Miami, FL 33127",4.6,https://dasherandcrank.com/,"The trendy and vibrantly designed Dasher & Crank is an ice cream shop located in Wynwood that offers exquisite ice cream flavors and a great time. The shop accommodates customers who are vegan and gluten-free.  Many prefer to use almond milk, coconut or soy in their ice cream flavors. Almost all flavors are made with their famous coconut milk base from Thailand. Due to growing health trends, Dasher & Crank tried expanding that industry for a wider audience, yet still kept basic flavors like chocolate with cow milk and cream for those who don’t like coconut milk either. Dasher & Crank also serves many teas and drinks, as they offer a matcha bar inside the store. They have all sorts of matcha lattes such as hibiscus matcha lattes, white chocolate matcha lattes, and specially infused wellness lattes involving syrups such as beetroot, butterfly pea, and turmeric. Service options include cups, cones up to three scoops, ice cream sandwiches with their own cookies, pints, sundaes and shakes all being available for reasonable prices. The drinks are priced between $7 to $10, and all ice creams are between $5 to $6. As they have new flavors weekly, the shop creates smaller batches of each flavor to ensure quality and avoid being wasteful.",https://www.theinfatuation.com/miami/reviews/dasher-and-crank
Cielito Artisan Pops,6,(305) 676-2665,"2750 NW 3rd Ave Suite 20A, Miami, FL 33127",4.8,https://cielitoartisanpops.com/,"Cielito offers hand crafted Ice Cream Pops and Vegan ice pops. A family-friendly ambiance lends to the fun and artistic feel of this ice cream shop, offering indoor and outdoor seating, perfect for any pet owner, with dog friendly ice pops available! They have several locations in Florida with their flagship store located in Wynwood (Miami). ",https://www.youtube.com/watch?v=AnTU_E4EfqI
Glace,2,(347) 502-6445,"1266 Madison Ave, New York, NY 10128",4.2,https://glaceny.com/,"Sasha Zabar, son of the founder of New York’s famous Zabar’s, opened Glacé by Noglu back in May of 2023. But Glacé (French for ice cream) became super popular this winter when its hot chocolate, topped with toasted meringue and cream, went viral. Located on the Upper East of Manhattan between 90th and 91st streets on Madison Avenue, also serves French ice cream and sorbets that are gluten-free. Even the cones are gluten-free. They also have a truck located at 30 ROCKEFELLER PLAZA 50th Street between 5th & 6th avenue.",https://www.instagram.com/glacenewyork/
Chocolate Factory,2,(347) 560-6080,"6740 5th Ave, Brooklyn, NY 11220",4.6,https://www.instagram.com/chocolatefactoryny/,"Opened by the famous Ocky Way, this dessert shop serves all of the favored middle eastern sweets with the Ocky Way. Located in Brooklyn, crepes, kunafa, waffles, and more sweet treats are offered at this dessert shop.",https://www.instagram.com/rah_money1/p/Cxa8btYrU0a/
Malai Ice Cream,2,(347) 889-5789,"268 Smith St, Brooklyn, NY 11231",4.6,https://www.malai.co/,"One of our favorite store-bought ice cream brands finally opened up a brick and mortar in Carroll Gardens. Founded by Pooja Bavishi, Malai serves up flavors from around the world including rose with cinnamon roasted almonds, sweet milk, star anise, ginger root and Turkish coffee. Look out for seasonal flavors like sweet roti and ghee; we love it served in a cone with toppings like cardamom shortbread and peanut chikki. They also have another location in Washington DC. ",https://www.instagram.com/malai_icecream/
Sweet Cheats,3,(404) 590-6086,"692 B Kirkwood Ave SE UNIT B1, Atlanta, GA 30316",4.5,https://sweetcheatsatlanta.com/,"Sweet Cheats was created by a National Level Figure Competitor, Shirley Hughes, along with her husband Robert Tubbs and with the help of many friends and family.  During her 3 years spent training for her NPC competitions, Shirley was only allowed to eat certain foods and wasn’t always able to have what she was craving. She began taking notes on these cravings, and turning them into little treats for herself when her strenuous dieting for each competition was over. While in training, one “cheat” meal was allowed per week, and hers were usually sweet concoctions. She then decided on a whim to turn her favorite treats into cupcakes not only for herself but for fellow teammates, the RocStarzz, as personal gifts. From there, requests started coming in and the demand was on. It was an instant success! As you can see (and taste!), the “Sweet Cheats” name comes directly from Shirley’s competition background.  Shirley still promotes health and wellness and is still very active in the gym, but makes sure that if you are going to spend your cheat calories on one of her desserts, it’s going to be worth it!",https://www.youtube.com/watch?v=GSEZCnBoaWI
Julianna's Coffee & Crepes,3,(404) 855-4996,"775 Lake Ave NE, Atlanta, GA 30307",4.6,https://www.atlantacrepes.com/,"Conveniently located just minutes from the East Side Belt-Line entrance in the Inman Park suburb, Julianna's is a one of a kind shop unlike anything in Atlanta. Specializing in Hungarian crepes called ""palacsinta"".",https://atlanta.eater.com/maps/best-quiet-intimate-cozy-restaurants-atlanta
Endulge Cupcake Boutique,3,(404) 996-6995,"749 Moreland Ave SE Suite A-101, Atlanta, GA 30316",4.6,https://endulgecupcakes.com/,"Located in Ormewood Square, this modern-chic destination whipping up an array of unique cupcakes with natural ingredients. Endulge Cupcake Boutique in Atlanta offers tasty eats everyone will enjoy.",https://www.youtube.com/watch?v=bk6JqhYA2yU
eighty7sweets Vegan Ice Cream Company,3,(470) 378-7956,"56 Broad St NW, Atlanta, GA 30303",5.0,https://www.eighty7sweets.com/,"Eighty7sweets is an ice cream company, based in Atlanta, GA that specializes in luxury, delicious vegan and non-dairy offerings. 100% Vegan!!! Get a taste of all of Atlanta without the traffic and jams! More than just ice cream.",https://www.youtube.com/watch?v=IjRI4L08ZnA
Voga Italian Gelato,3,(470) 875-5637,"299 North Highland Avenue Northeast G, Atlanta, GA 30307",4.7,https://vogagelato.com/,"Voga Gelato is offering authentic Italian gelato and more in Atlanta. If you are looking for a dessert shop, coffee shop or gelato or ice cream shop, this is the spot for you. Using natural imported Italian ingredients to bring you creamy gelato made from scratch daily. The dessert selections will satisfy your sweet tooth with gelato flavors, crepes and waffle desserts. It will pair perfectly with a selection of espresso coffees. For the best gelato in town, stop in today! Voga has been appointed "" Best Ice Cream in Georgia "" in 2019 by Travel + Leisure.",https://www.youtube.com/watch?v=j1ZS9rYNs6M
Little Miss Cupcape INC,4,(508) 778-2253,"250 Newbury St, Boston, MA 02116",4.4,https://www.littlemisscupcape.com/,"Little Miss Cupcape serves a variety of small and regular size cupcakes along with coffee and other drinks, candy, and other treats such as edible cookie dough, including vegan options.",https://www.instagram.com/littlemisscupcape/
ByClio Bakery,2,(585) 204-3121,"400 3rd Ave, Brooklyn, NY 11215",4.9,https://byclionyc.com/,"Clio Goodman, the chef behind the cult favorite (and much-missed) Puddin’ bakery on St. Marks Place, is back at it with a newly-opened cake shop. With flavors like coconut rose and bay leaf Greek yogurt, her bright, whimsical cakes look like something your extremely talented BFF would bring to a dinner party. Cakes can be had by the slice at the bakery, but to order a whole cake, you’ll need to act fast—they can only be purchased once a month, and they often sell out in under an hour. ",https://www.instagram.com/byclionyc/
Elliston Place Soda Shop,8,(615) 219-2704,"2105 Elliston Pl, Nashville, TN 37203",4.5,https://www.ellistonplacesodashop.com/,Elliston Place Soda Shop is a classic diner offering timeless American desserts like rich sundaes and freshly baked pies. Its retro ambiance adds to the charm of enjoying a sweet treat here.,https://www.youtube.com/watch?v=npYBom6kUT8
The Cupcake Collection,8,(615) 244-2900,"1213 6th Ave N, Nashville, TN 37208",4.7,https://www.thecupcakecollection.com/?srsltid=AfmBOorZHc9ZUcrdcYTbylqyTdprGktKWDBhLtirWH394MeTPdgpUNu-,"This Southern-based bakery is known for its original sweet potato cupcake, blending classic Southern pie flavors into a unique cupcake experience. Other cupcake flavors are equally delightful.",https://www.youtube.com/watch?v=jv9ZMk330QU
Olive & Sinclair Chocolate Co,8,(615) 262-3007,"1628 Fatherland St, Nashville, TN 37206",4.8,https://www.oliveandsinclair.com/,"Founded in 2007, Olive & Sinclair is renowned for its gourmet Southern-style chocolate. Their unique approach involves slow-roasting and stone-grinding cacao, inspired by traditional methods used for stone-ground grits. You can tour the factory and watch it all happen.",https://www.youtube.com/watch?v=jTu33fhIBdA
Goo Goo Chocolate Co,8,(615) 490-6685,"116 3rd Ave S, Nashville, TN 37201",4.5,https://googoo.com/,"Goo Goo Cluster holds a special place in America’s confectionery history as the nation’s first combination candy bar, created in 1912 in Nashville. This unique candy bar broke the mold with its roundish mound of caramel, marshmallow nougat, fresh roasted peanuts, and real milk chocolate. ",https://www.youtube.com/watch?v=rR150NOzHQk
Donut Distillery,8,(615) 678-8685,"311 Gallatin Ave, Nashville, TN 37206",4.6,https://donutdistillery.com/,"Redefining the donut shop experience. True to its name, this place offers booze with its fried goodness (perfect for your bachelorette party). You can also get local craft beers, prosecco on tap, coffee cocktails, and four different flights. Kids welcome!",https://www.youtube.com/watch?v=VDh96zX91kw
Whitney's Cookies,8,(615) 716-2998,"100 4th Ave N, Franklin, TN 37064",4.9,https://whitneyscookies.co/,"Founded by chef Whitney Miller, who was the winner of FOX’s TV show MasterChef season 1, opened Whitney’s Cookies this September after selling gourmet cookies online, gaining fame at big events like Tim Tebows Foundation gala, it was no surprise she decided to open a storefront in Franklin TN. What makes them so special? Well, they are not your ordinary cookie. Think large, warm cookies with a chewy center of chocolate deliciousness. No wonder this has become Ana’s favorite new cookie spot. We love the classic or the new seasonal peppermint cookie. ",https://www.instagram.com/whitneyscookies/
Mike's Ice Cream,8,(615) 742-6453,"129 2nd Ave N, Nashville, TN 37201",4.6,https://mikesicecream.com/,"Mike’s Ice Cream is famous for serving up some of the city’s most delightful handmade ice creams. Featured in People Magazine and on the Rachel Ray Show, this local gem is known for its dedication to quality and flavor. Unlike mass-produced options, the ice cream at Mike’s is crafted in-store.",https://www.youtube.com/watch?v=uB-0hEP35V8
Legendairy Milkshake Bar,8,(615) 750-5843,"171 3rd Ave N, Nashville, TN 37201",4.2,https://www.legendairymilkshakebar.com/,"The Legendairy Milkshake Bar specializes in extravagant, customizable milkshakes topped with brownies, cookies, and candies. Their over-the-top milkshake creations make for a fun and indulgent dessert experience.",https://www.youtube.com/watch?v=KUlZjNCaJsg
Pink Door Cookies,8,(615) 882-1227,"3501 Park Ave, Nashville, TN 37209",4.9,https://pinkdoorcookies.com/,Pink Door was founded by premier pastry chef and Chopped champion Mathew Rice. Pink Door started out of his home before getting its own brightly colored spot in town. Look for the iconic pink front door.,https://www.youtube.com/watch?v=cCs2mrFoJfE
Five Daughters Bakery,8,(615) 997-6993,"5036 Broadway Place, Nashville, TN 37203",4.5,https://fivedaughtersbakery.com/,"Five Daughters Bakery is renowned for its 100-layer donuts, a hybrid of croissant and donut. Signature flavors like chocolate sea salt and vanilla cream make it a must-visit for dessert lovers.",https://www.youtube.com/watch?v=TESTsuifIZA
Caffe Vittoria,4,(617) 227-7606,"290-296 Hanover St, Boston, MA 02113",4.3,https://www.caffevittoria.com/,"The wonderful Caffé Vittoria is an Italian café with a ton of character that visitors to Boston who read up a bit on the city’s food scene frequent along with Italian Americans who have lived in this very old section of the city for much or all of their lives. The food options include classic Italian pastries and baked goods such as biscotti, cannoli, sfogliatella, tiramisu, lobster tails, cheesecake, limoncello cake, chocolate ganache, ricotta pie, napoletana and gelato, the last of which includes spumoni, a colorful and delicious treat that includes layers of different flavors. Biscotti options include one covered with chocolate and another with a mix of almond and anisette that is perfect to dip into a cup of hot coffee. Speaking of coffee, Caffé Vittoria has several coffee options, each of which is well worth trying. The espresso is a good one to get if you need a quick jolt from the extra caffeine, while the more mellow and creamier cappuccino goes very nicely with the aforementioned biscotti, as does the caffe mocha, which gets an added richness from chocolate. And yes, hot chocolate is also available here, while other coffee options include caffe latte, Americano and macchiato.",https://www.youtube.com/watch?v=dZq9KlpmAzo
Flour Bakery + Cafe,4,(617) 437-7700,"131 Clarendon St, Boston, MA 02116",4.6,https://www.flourbakery.com/,"Led by James Beard Award-winning pastry chef + co-owner Joanne Chang, Flour Bakery now has nine locations in Boston + Cambridge. They offer buttery breakfast pastries; soft + chewy cookies; luscious pies; gorgeous cakes; and fresh, made-to-order sandwiches, soups, and salads. They have multiple locations across Boston.",https://www.youtube.com/watch?v=3FA-w3vm8Wk
Thinking Cup,4,(617) 482-5555,"165 Tremont St, Boston, MA 02111-1152",4.4,http://thinkingcup.com/,"Thinking Cup is the first coffee shop in Downtown Boston to serve ""Stumptown Coffee"" exclusively. Stumptown, originating in Portland Oregon had been named “Best Coffee in the World” by NPR, The New York Times, Food & Wine Magazine, and USA Today. To ensure exceptional quality and freshness they obtain their beans directly from Stumptown’s roasting facility in Brooklyn, New York. Opening its doors in December 2010, Thinking Cup is ideally located just steps from the Boston Common. It was awarded Best Coffee Shop in Boston by Boston Magazine for 2011. They have multiple locations across Boston. ",https://www.youtube.com/watch?v=HZ6KEcRBqI0
Far Out Ice Cream,4,(617) 487-8102,"419 Harvard St, Brookline, MA 02446",4.5,https://www.farouticecream.com/,"This spot offers blended flavors of fruit and ice cream, made with a machine from New Zealand, are served at this swirly treat shop. They have multiple locations across Boston, including one at Fenway Park.",https://www.youtube.com/watch?v=wiOOqfn-q_o
Modern Pastry Shop,4,(617) 523-3783,"257 Hanover St, Boston, MA 02113",4.5,https://modernpastry.com/,"Nestled in the North End (Little Italy) and Medford, lies one of the oldest bakeries in Boston serving traditional Italian and American pastries. They also offer breakfast, lunch, dinner, and cocktails from their restaurant, ""Modern Underground"" located in their North End location. ",https://www.youtube.com/watch?v=H6BfVnfxApk
Bova's Bakery,4,(617) 523-5601,"134 Salem St, Boston, MA 02113",4.7,https://bovabakeryboston.net/,"Family-owned and operated since 1926, Bova’s Bakery is the premier bakery of Boston’s North End. For over eighty years Bova’s Bakery has been committed to baking authentic homemade items daily with only the healthiest ingredients. Offering a wide variety of Italian specialty cookies, cannolis, pastries and pies, and fresh warm Italian bread, the Bova family has perfected Italian baked goods with family recipe’s that have been handed down for over three generations.",https://www.instagram.com/bovasbakery/
Mike's Pastry,4,(617) 742-3050,"300 Hanover St, Boston, MA 02113",4.4,https://www.mikespastry.com/,"Founded in 1946, Mike’s Pastry is located in Boston’s historic North End on Hanover Street.  Mike’s Pastry is known for its iconic white box with bright blue lettering, tied with string, often seen carried by pedestrians throughout Boston as they savor their pastries on the go. From tourists to local Bostonians, and even presidents, Mike’s Pastry has earned a loyal following for its famous cannolis and lobster tails. As one of Boston’s most renowned Italian bakeries, Mike’s Pastry has expanded beyond its historic North End location. In addition to the Harvard Square spot, you can now enjoy Mike’s at Somerville’s Assembly Row and TD Garden, bringing a taste of Boston tradition to even more locations.",https://www.youtube.com/watch?v=oP0eqvQ63po
Da Vinci Gelato & Waffle,4,(617) 977-0011,"297 Huntington Ave, Boston, MA 02115",4.8,https://www.davincigelatowaffle.com/,"Da Vinci Gelato & Waffle opened Aug. 30 after nine months of construction, designing and decorating. The shop offers a total of 75 gelato and sorbet flavors with 24 displayed at once, pastries including macarons, pretzels and waffles — savory and sweet. ",https://www.instagram.com/davincigelatoboston/
The Pastry Box,2,(646) 429-8717,"515 E 12th St, New York, NY 10009",4.9,https://thepastrybox.co/menu,"This spot is a bakery with creative sweet and savory offerings such as black-and-white cookies and olive oil cake. You can find many items such as Fresh Loaf Cakes, Cookies, Doughnuts, Seasonal Tarts, Seasonal Jams, Nut Butters, Fruit Spreads, Granola, and more.",https://www.instagram.com/thepastryboxbakery/
Fit for a Cookie,3,(678) 245-9562,"1197 Peachtree St NE Suite 150, Atlanta, GA 30361",4.4,https://www.fitforacookie.com/,"Fit for a Cookie is a cozy bakery nestled in the heart of Atlanta, GA, known for its delectable assortment of freshly baked cookies. The bakery offers a variety of classic and unique cookie flavors, perfect for satisfying any sweet craving. At Fit for a Cookie, customers can expect high-quality ingredients and friendly service in a welcoming atmosphere. Whether looking for a sweet treat to enjoy alone or a gift for a loved one, this bakery has something to please every cookie lover.",https://www.instagram.com/fitforacookie/
The Cereal Lab,3,(678) 779-8002,"335 W Ponce de Leon Ave Ste D, Decatur, GA 30030",4.7,https://thecereallab.com/,"This spot will elevate the breakfast cereal experience and transform it into mouthwatering desserts that will leave you craving for more. With their unique “create your own” menu, they put the power in your hands to design the dessert of your dreams. From cereal-infused hand-spun milkshakes to premium ice cream and desserts baked with love, they’ve got it all. ",https://www.youtube.com/watch?v=r28B46ydp9o
Yummy Brothers,3,(678) 904-5329,"1100 Peachtree St NE, Atlanta, GA 30309",4.7,https://yummybrothers.com/,"Yummy Brothers is a family-run shop selling a wide selection of gourmet cookies made with pure ingredients. In addition, they sell dog treats. ",https://www.youtube.com/watch?v=g8gOK5ekDR4
Baked and Wired,,(703) 663-8727,"1052 Thomas Jefferson St NW, Washington DC, 20007",4.6,https://bakedandwired.com/,"A popular bakery offering mouth-watering cupcakes, cookies, and cakes with a variety of flavors. Known for its artisanal approach and cozy vibe, it’s a local favorite for dessert lovers.",https://www.youtube.com/watch?v=wepb1vA72Lo
The Secret Chocolatier,7,(704) 323-8178,"2935 Providence Rd #104, Charlotte, NC 28211",4.7,https://thesecretchocolatier.com/?srsltid=AfmBOopu4IDidODZ6oWBPyv28GRaNoV-fVi9JuIP13fQLoAoqOHHILWz,"Stop by this family-owned shop for truffles, caramels, barks, and toffees.",https://www.instagram.com/secretchocolate/
Villani's Bakery,7,(704) 334-0550,"901 Pecan Ave, Charlotte, NC 28205",4.6,https://villanisbakery.com/,"Come to this New York-Italian style bakery for gigantic slices of cake, homemade pie, tiramisu, cannoli, and authentic Italian cookies.",https://www.instagram.com/villanisbakery/
Crave Dessert Bar,7,(704) 335-0588,"500 W 5th St UNIT 120, Charlotte, NC 28202",4.2,https://www.cravedessertbar.com/,"Crave Dessert Bar combines a moody industrial vibe with a speakeasy feel, offering craft dessert cocktails like the Key Lime Pie martini and s'mores-inspired concoctions. It's an ideal spot for a night out with friends or a romantic evening. ",https://www.youtube.com/watch?v=0L2V5j1Tl4I
Amelie's French Bakery & Cafe,7,(704) 376-1781,"136 E. 36th St. Charlotte, NC 28206",4.6,https://www.ameliesfrenchbakery.com/,"Amélie's is renowned for its French-inspired pastries and desserts, with the salted caramel brownie being a crowd favorite. The eclectic decor and cozy atmosphere make it a popular spot for both locals and visitors. They have multiple locations across Charlotte, with their flagship bakery located on East 36th Street.",https://www.youtube.com/watch?v=xP2sZZk1WeU
Suarez Bakery,7,(704) 525-0145,"4245 Park Rd, Charlotte, NC 28209",4.3,https://www.suarezbakery.com/,"Suárez Bakery, a Cuban-inspired bakery, serves cookies, doughnuts, pastries, and made-to-order cakes. Their second location inside Optimist Hall continues the tradition of offering delightful baked goods to the Charlotte community. ",https://www.instagram.com/suarezbakery/
Ninety's Dessert Bar,7,(704) 547-1856,"9009 J M Keynes Dr #4, Charlotte, NC 28262",4.4,https://ninetysdessertbar.com/,"This family-owned dessert shop serves handcrafted ice cream, over-the-top milkshakes, and giant cookie sundaes.",https://www.youtube.com/watch?v=opOAHwsRgac
The Batch House,7,(704) 574-3627,"901 Berryhill Rd, Charlotte, NC 28208",4.8,https://thebatchmaker.com/,"The Batchmaker, founded by a self-taught Honduran baker, offers decadent cakes, cookies, bars, and pies. Signature treats include Snickers Cheesecake and Dirty Oreo Truffles. The cozy, lit patio provides a welcoming environment for dessert enthusiasts. ",https://www.youtube.com/watch?v=fDb5D4j8WCQ
Bar Cocoa,7,(704) 972-4397,"201 E Trade St, Charlotte, NC 28202",4.3,https://www.ritzcarlton.com/en/hotels/cltrz-the-ritz-carlton-charlotte/dining/,"Located in the lobby of The Ritz-Carlton, Bar Cocoa is a chic dessert bar serving pastries, French macarons, cakes, and gelato. It's an upscale destination for those seeking a luxurious dessert experience. These establishments showcase the diverse and delectable dessert options available in Charlotte, each offering a unique experience for those with a sweet tooth.",https://www.instagram.com/barcocoaclt/
Fortunato Brothers,2,(718) 387-2281,"289 Manhattan Ave, Brooklyn, NY 11211",4.6,https://www.fortunatobrothers.com/,"Set in the Italian section of Williamsburg, Brooklyn, this gem is as old-school New York as it gets and has become a regular stop-in for us. It helped that it was just around the corner from our daughter’s former apartment. Although she now lives in another section of Brooklyn, we find ourselves going out of our way to stop in for the best cannoli we’ve found in New York. And yes, we did say the “best.” Aside from the many Italian pastries and gelato (which are all worth the calories and an extra few miles of trekking around the city to burn them off), they are known for their marzipan. They have marzipan everything, and worth a stop just to see it. While you are in the neighborhood, stop in at Savino’s for the best fresh pasta and sauces. Pasta and a box of cannoli for dessert, and you are set for dinner!",https://www.instagram.com/fortunatobrosnyc/
Four & Twenty Blackbirds,2,(718) 499-2917,"439 3rd Ave, Brooklyn, NY 11215",4.5,https://birdsblack.com/,"The two South Dakota–reared sisters who opened Four & Twenty Blackbirds learned pie-baking from their grandma, and her expert instruction is evident in varieties like lemon chess, rhubarb custard and salted caramel apple enveloped in an exquisitely flaky crust. Linger at one of the comfy communal tables long enough, and your kids are bound to request a second slice—but if you want to take home a whole pie, you'll need to order it at least 48 hours in advance.",https://www.instagram.com/birdsblack/
Cake Culture,3,(762) 233-6233,"675 Ponce de Leon Ave NE Atlanta, Georgia 30308",4.5,https://www.cakeculture.net/,"Cake Culture is a charming bakery in Atlanta, GA that specializes in creating delectable cakes for various occasions. With a focus on quality ingredients and creative designs, Cake Culture offers a wide selection of cakes that cater to different tastes and preferences.",https://www.instagram.com/cakecultureatl/
Skoops,6,(786) 380-2228,"401 Biscayne Blvd S10, Miami, FL 33132",4.9,https://www.instagram.com/skoopsbayside/,"Skoops is a cozy ice cream shop in Miami, FL that offers a variety of unique and traditional flavors to satisfy any sweet tooth. Patrons can enjoy their delicious frozen treats in a welcoming and laid-back atmosphere.With a focus on quality ingredients and friendly service, Skoops provides a delightful experience for customers looking to indulge in a tasty dessert or cool off on a hot day in Miami.",https://www.instagram.com/skoopsbayside/
Midtown Creamery,6,(786) 536-2281,"2690 NE 2nd Ave, Miami, FL 33137",4.8,https://www.instagram.com/midtowncreamery/?hl=en,"Skip the cup and go straight for the cones at this compact creamery wedged between Midtown and Wynwood. Both the waffle and the bubble waffle (like a sturdier pancake that’s folded into a cone shape) makes a fantastic vessel for the shop’s small-batch flavors and its massive assortment of toppings, which you can pile on in unlimited quantities. If you’re into eating your ice cream with a fork, Midtown Creamery makes all sorts of interesting concoctions, like cinnabun waffle sundae.",https://www.youtube.com/watch?v=QiWJvLxpHWg
Fireman Derek's Bake Shop,6,(786) 703-3623,"2545 N Miami Ave Bay 1, Miami, FL 33127",4.4,https://firemandereks.com/,"Fireman Derek’s Bake Shop is a family owned South Florida based bakery specializing in pies, cakes, cheesecakes, cookies and one-of-a-kind desserts. We bake everything in-house, using fresh, locally-sourced, high-quality ingredients.  A talented, self-taught baker with a passion for pie, Fireman Derek Kaplan is dedicated to spreading joy. After retiring from his firefighting career at the Miami Station 1 firehouse, Kaplan set out to tempt, tantalize and delight; which he continues to do with his two thriving storefronts in the Wynwood Arts District and Coconut Grove. No visit to the Magic City is complete without a pit stop at Fireman Derek’s Bake Shop! They have several locations in Florida, with the flagship store located in Wynwood (Miami).",https://www.youtube.com/watch?v=R3V71ap3tsA
Bianco Gelato,6,(786) 717-5315,"3137 Commodore Plaza, Miami, FL 33133",4.6,https://biancogelato.com/,"Bianco Gelato is Organic Certified Italian Gelato made fresh everyday. Made with love and GMO free, taste why the good way is the right way with Bianco. They have several locations in Florida with their flagship store located in Coconut Grove. ",https://www.youtube.com/watch?v=Zp5CXrcz2wY
RivaReno Gelato,6,(786) 851-2501,"901 S Miami Ave Suite 105, Miami, FL 33130",4.7,https://www.rivareno.com/us/,"Located in the Upper Brickell neighborhood of Miami, Rivareno Gelato City specializes in a wide range of gelato, offering different sizes from small to extra-extra-large tubs. They have several locations globally with one of them being located in Miami. ",https://www.instagram.com/rivarenomiami/
Puffles,6,(786) 998-9928,"First Floor Julia & Henry, 200 E Flagler St, Miami, FL 33131",4.7,https://www.pufflesfl.com/,"Puffles offers a delightful variety of ice cream and frozen yogurt served in Hong Kong egg waffles, with a notable emphasis on custom creations. Popular among guests are the 'Build Your Own Custom Creation' alongside classic options like Single and Double Scoops of ice cream. The menu also features a wide range of refreshing beverages including Original Milk Tea and various fruit teas like Lychee and Mango. For those seeking something more substantial, the waffles come in flavors such as Original and Chocolate, providing a sweet complement to their frozen treats. They have two locations in Miami (Downtown and Hard Rock Stadium) with their flagship store located in Hollywood, FL. ",https://www.youtube.com/watch?v=fSxGJ8qv-RE
Cereal and Cream,3,(833) 885-4247,"415 Memorial Dr SE Suite B, Atlanta, GA 30312",4.9,https://cerealncream.com/home,"Cereal and Cream is a popular Atlanta-based eatery that offers a unique twist on the classic combination of cereal and ice cream. With a brick and mortar location as well as a food truck, they provide a delightful experience for brunch enthusiasts and dessert lovers alike. At Cereal and Cream, customers can indulge in a menu that showcases a variety of creative cereal-infused dishes, from cereal milkshakes to cereal-topped ice cream sundaes. With their innovative approach to flavors and textures, this establishment has quickly become a go-to spot for those seeking a nostalgic and delicious treat.",https://www.youtube.com/watch?v=_icTRzHDDwk
Machine Shop,5,(856) 434-2352,"1901 S 9th St, Philadelphia, PA 19148",4.7,https://www.machineshopphilly.com/,"Machine Shop, the French bakery on the ground floor of the Bok Building in South Philadelphia, has drawn high praise for its croissants since it opened. Now, it has been named one of America's best new restaurants by Eater, which heralded chef Emily Riddell's mastery of pastry techniques. The bakery offers croissants, danishes, cakes, tarts, cookies, breads, and other pastries. It also sells chocolates, caramels and ice cream. ",https://www.youtube.com/watch?v=z8TohZSZEQk
Kane's Donuts,4,(857) 317-2654,"90 Oliver St, Boston, MA 02110",4.6,https://www.kanesdonuts.com/,"Founded in 1955, Kane's Donuts offers 40+ kinds of donuts, such as crème brûlée & red velvet, with gluten free options. They also have two other locations in Saugus, MA.  ",https://www.instagram.com/kanes_donuts/
Zeppola Bakery,2,(917) 419-9690,"499 7th Ave, New York, NY 10018",4.5,https://zeppolabakery.com/,"Zeppola is a warm, classic Italian bakery with a creative twist. Here, you'll find the an array of giant, colorful and mouth-watering bakery treats.",https://www.instagram.com/zeppolabakery/
SWIRL Dessert Bar,7,(980) 287-7366,"2822 South Blvd B, Charlotte, NC 28209",4.9,https://www.swirldessertbar.com/,"Celestial Cakery owner Ella Stone expanded her dessert domain with this full-service bakery, which serves colossal ice cream sandwiches, signature cupcakes, and “DIY” cupcakes with toppings like Fruity Pebbles, gummy bears, pretzels, and Nutella.",https://www.youtube.com/watch?v=RIMsCrdO4VU
Renaissance Patisserie,7,(980) 819-8771,"6401 Carnegie Blvd #4a, Charlotte, NC 28211",4.5,https://renaissancepatisserie.com/,"Chef Sylvain Rivet peddles authentic French tarts, mousses, cakes, pastries, and custards.",https://www.instagram.com/renaissancepatisserie/
Sweet Drip,9,(773) 966-4332,"1658 E 53rd St, Chicago, IL 60615",4.5,http://www.sweetdripdessertcafe.com,"A charming Hyde Park dessert shop showcasing an array of cakes, pastries, gelato, and more, all crafted with precision in a warm, inviting atmosphere.",https://www.instagram.com/sweetdripdessertcafe/
Margie's Candies,9,(773) 384-1035,"1960 N Western Ave, Chicago, IL 60647",4.7,https://margiescandies.com/,"A Bucktown institution since 1921, Margie's Candies is a Chicago sundae legend, famous for its towering hot fudge ""Tour of the World"" sundae served in a giant seashell dish, a hand-dipped candy counter, and vinyl booths that have barely changed in decades.",https://www.instagram.com/margiesfinecandies/
Chicago Sugar Daddy Patisserie LLC,9,(773) 939-3542,"3243 N Broadway, Chicago, IL 60657",4.9,https://www.chicagosugardaddy.com,"A French-inspired patisserie specializing in macarons, tarts, and artisanal pastries, with delicate flavors and elegant presentation.",https://www.instagram.com/chicago.sugardaddy/
Frera Desserts,9,No Phone Number,"1722 N Western Ave, Ste 1, Chicago, IL 60647",4.9,http://freradesserts.com/,"An artisanal café in Wicker Park offering gelato in inventive flavors and house-made pastries in a trendy, minimalist space.",https://www.instagram.com/frerachicago/
"Goddess and the Baker, 33 S Wabash-Millennium Park",9,(312) 877-5176,"33 S Wabash Ave, Chicago, IL 60603",4.3,https://www.goddessandthebaker.com/location/wabash/,"A café-bakery hybrid serving artisan coffee, breakfast sandwiches, and sweet pastries in a bright, modern setting steps from the park.",https://www.instagram.com/goddessbaker/
Legend Tasty House,9,(312) 225-8869,"2242 S Wentworth Ave, Chicago, IL 60616",4.7,http://www.legendtastyhouse.com/,"A cozy Old Chinatown spot specializing in Thai-style shaved ice, rolled ice cream, and street-food-inspired desserts.",https://www.instagram.com/legend_tasty_house/
Bombo Bar,9,(312) 492-7775,"832 W Randolph St, Chicago, IL 60607",4.2,https://www.bombobar.com,"Famous for Italian bomboloni (hole-less doughnuts), gelato, and milkshakes, all served from a playful walk-up window in Fulton Market.",https://www.instagram.com/bombobar/
The Bakery Box,9,(872) 228-6361,"211 E Ohio St, Chicago, IL 60611",4.1,http://thebakeryboxllc.com/locations,"A pastry-vending “ATM” that dispenses fresh croissants, muffins, and other baked goods 24/7 in River East.",https://www.instagram.com/_thebakerybox_/
Dessert Dealer,9,(312) 600-6090,"108 N Green St, Chicago, IL 60607",4.0,https://www.thedessertdealer.com/,"A pop-up dessert concept inside Parlor Pizza Bar, offering rotating sweets like sundaes, cakes, and innovative milkshakes.",https://www.instagram.com/thedessertdealer/
Mindy’s Bakery,9,(773) 489-1747,"1623 N Milwaukee Ave, Chicago, IL 60647",4.5,https://www.mindysbakery.com/,"A grab-and-go cookie shop in Wicker Park known for chunky, buttery cookies and seasonal scones—all baked fresh daily.",https://www.instagram.com/mindysbakery/
85°C Bakery Cafe - Las Vegas,10,(702) 247-4094,"4258 Spring Mountain Rd, Ste 103, Las Vegas, NV 89102",4.5,https://www.85cbakerycafe.com/,"A Taiwanese bakery chain famous for soft-baked buns, coffee drinks, and uniquely flavored breads in Las Vegas’s Chinatown.",https://www.instagram.com/85cbakerycafe/
Lola's Crepes,10,(702) 665-6003,"821 N Lamb Blvd, Ste 8, Las Vegas, NV 89110",4.3,https://lolascrepes.square.site/,"A casual spot serving made-to-order sweet and savory French crepes, with local fruit and gourmet fillings.",https://www.instagram.com/lolascrepes/
Cherry Berries,10,(702) 586-6887,"2405 Eastern Ave, Las Vegas, NV 89104",4.0,http://www.cherryberrieslasvegas.com/,A family-run frozen yogurt and acai bowl shop offering customizable toppings and smoothie bowls downtown.,https://www.tiktok.com/discover/berry-cherry-limeade-locations-vegas
Sweet Garden Japanese Cheesecake,10,(702) 333-0778,"9730 W Tropicana Ave, Ste 130, Las Vegas, NV 89147",4.6,http://www.sweetgardenus.net,"Specializes in light, fluffy Japanese-style cheesecakes, plus flavorful tea drinks in the Tropicana shopping center.",https://www.instagram.com/sweetgarden_japanesecheesecake/
Art of Flavors,10,(702) 457-5522,"1616 S Las Vegas Blvd, Ste 130, Las Vegas, NV 89104",4.3,https://www.facebook.com/artofflavorsvegas/,"A downtown gelato shop making small-batch artisanal gelato and sorbet with seasonal, locally sourced ingredients.",https://www.instagram.com/explore/locations/222881938/art-of-flavors/
Pastry Palace,10,(702) 251-1555,"4523 W Sahara Ave, Las Vegas, NV 89102",4.0,http://pastrypalacelv.com/,"A custom-cake bakery renowned for wedding and specialty cakes, plus fresh pastries and crepes.",https://www.instagram.com/pastrypalace702/
Lost Sweets,10,(725) 214-5012,"3049 Las Vegas Blvd S, Ste 10, Las Vegas, NV 89109",5.0,http://www.lostsweets.com,"A dessert and drink shop on The Strip serving taiyaki (fish-shaped pastries), Dole Whip soft serve, and Vietnamese coffee.",https://www.instagram.com/lostsweetslv/
Dandelion Chocolate,10,(415) 349-0942,"3355 S Las Vegas Blvd, Suite 101, Las Vegas, NV 89109",4.6,https://www.dandelionchocolate.com/pages/the-venetian,"A minimalist bean-to-bar chocolate café in The Venetian, offering single-origin chocolate confections, pastries, and specialty drinks.",https://www.instagram.com/explore/locations/103756134451425/dandelion-chocolate/
Hui Lau Shan Desserts,10,(702) 288-6768,"5115 W Spring Mountain Rd, Fl 2, Las Vegas, NV 89146",4.8,https://www.hkhls.com/en,"A Hong Kong-style dessert chain in Chinatown specializing in mango drinks, puddings, and shaved ice made with imported Carabao mangoes.",https://www.instagram.com/huilaushanlv/
Cream Me Ice Creamery,10,(702) 426-7829,"1203 S Main St, Las Vegas, NV 89104",4.5,https://www.icecreamlv.com/,"A retro-styled ice cream parlor in the Arts District known for inventive shakes, retro sundaes, and Dole Whip twists.",https://www.instagram.com/cream_me_icecreamery/
République,11,(310) 362-6115,"624 S La Brea Ave, Los Angeles, CA 90036",4.6,https://republiquela.com/,"Inside a soaring, arched former Charlie Chaplin studio space, République's bakery counter turns out James Beard Award-winning pastries, laminated croissants, and towering layer cakes each morning.",https://republiquela.com/
Porto's Bakery,11,(818) 846-9100,"3614 W Magnolia Blvd, Burbank, CA 91505",4.7,https://www.portosbakery.com/,"This Burbank flagship of the beloved Cuban-American chain draws lines for guava-and-cheese pastelitos, potato balls, and refrigerator cake—an only-in-LA institution since 1976.",https://www.instagram.com/portosbakery/
Diddy Riese,11,(310) 208-0448,"926 Broxton Ave, Los Angeles, CA 90024",4.6,https://diddyriese.com/,"The late-night Westwood staple where a warm cookie and a scoop of ice cream, hand-pressed into a sandwich, costs a couple of dollars and comes with a line down the block.",https://diddyriese.com/
Petitgrain Boulangerie,11,(424) 229-5155,"1209 Wilshire Blvd, Santa Monica, CA 90403",4.7,https://www.petitgrainboulangerie.com/,"A Santa Monica gem turning out some of the flakiest croissants in the city, alongside seasonal fruit tarts made with produce sourced from nearby farmers markets.",https://www.instagram.com/petitgrainboulangerie/
Proof Bakery,11,(323) 664-8633,"3156 Glendale Blvd, Los Angeles, CA 90039",4.6,https://www.proofbakery.com/,"This worker-owned Atwater Village bakery is beloved for its naturally leavened breads and simple, expertly made pastries—the morning bun sells out early.",https://www.instagram.com/proofbakeryla/
Fat + Flour,11,323-380-8583,"317 S Broadway, Los Angeles, CA 90013",4.6,https://www.fatandflourla.com/about,A Grand Central Market and Broadway pie shop turning out California-leaning slices like salted caramel apple and Meyer lemon alongside a cult-favorite chocolate chip cookie.,https://www.fatandflourla.com/about
Sweet Rose Creamery,11,(310) 260-2663,"225 26th St Ste 51, Los Angeles, CA 90402",4.6,https://www.sweetrosecreamery.com/,"Small-batch, farmers-market-driven ice cream served from the Brentwood Country Mart—brown bread and salted caramel are the flavors regulars come back for.",https://www.instagram.com/reel/C0PhnNRPKHL/
Bub & Grandma's,11,(323) 653-7145,"3507 Eagle Rock Blvd, Los Angeles, CA 90065",4.6,https://bubandgrandmas.com/,"An Eagle Rock bakery-sandwich shop known for excellent naturally leavened bread, plus a rotating lineup of pies and doughnuts baked from scratch daily.",https://www.instagram.com/bubandgrandmasbread/
Bottega Louie,11,(213) 802-1470,"700 S Grand Ave, Los Angeles, CA 90017",4.4,https://bottegalouie.com/,This soaring Downtown LA café and patisserie is famous for its macaron towers and pastry case as much as its all-day Italian menu—come early to beat the crowds.,https://www.instagram.com/p/CxGhh0YPv0R/
Gjusta,11,(310) 314-0320,"320 Sunset Ave, Venice, CA 90291",4.5,https://www.google.com/maps/search/Gjusta%20320%20Sunset%20Ave%20Venice%20CA,"Part bakery, part deli, part market, this Venice all-day spot bakes exceptional pastries and olive-studded loaves alongside a smoked-fish counter worth lining up for.",https://www.instagram.com/gjustabakery/
Kate Weiser Chocolate,12,(469) 619-4929,"3011 Gulden Ln Ste 115, Dallas, TX 75212",4.7,https://kateweiserchocolate.com/,"This Trinity Groves chocolatier hand-paints its bonbons like tiny works of art, alongside a rotating soft-serve counter that's become a destination of its own.",https://www.facebook.com/KateWeiserChocolate/
Empire Baking Company,12,(214) 350-0007,"5450 W Lovers Ln Ste 132, Dallas, TX 75209",4.7,https://empirebaking.com/,"An Inwood Village bakery beloved since the early '90s for naturally leavened breads, buttery croissants, and a case of classic French pastries.",https://www.instagram.com/empirebakingco/
Cake Bar,12,(214) 272-8259,"2629 N Stemmons Fwy Ste 101, Dallas, TX 75207",4.6,https://cakebardallas.com/,"A Black-owned Trinity Groves bakery turning out from-scratch layer cakes, banana pudding, and cookies in a bright, welcoming storefront.",https://www.facebook.com/CakeBaratTrinityGroves/
La Rue Doughnut,12,(945) 278-6598,"3011 Gulden Ln Ste 117, Dallas, TX 75212",4.7,https://www.google.com/maps/search/La%20Rue%20Doughnut%203011%20Gulden%20Ln%20Dallas%20TX,"A Trinity Groves doughnut shop from a pair of Dallas chefs, focused obsessively on one thing—laminated, croissant-style doughnuts in ever-changing flavors.",https://www.instagram.com/larue_doughnuts/
Lubellas Patisserie,12,(469) 978-1801,"10323 Ferguson Rd, Dallas, TX 75228",4.8,https://lubellaspatisserie.com/,"A Ferguson Road neighborhood gem turning out French pastries, macarons, and custom cakes with old-world technique and warm, personal service.",https://www.instagram.com/lubellaspatisserie/
Henk's European Deli & Black Forest Bakery,12,(214) 987-9090,"5811 Blackwell St, Dallas, TX 75231",4.5,https://www.google.com/maps/search/Henk's%20European%20Deli%205811%20Blackwell%20St%20Dallas%20TX,"A Lakewood/East Dallas institution since the 1980s, Henk's bakes traditional German Black Forest cake alongside imported chocolates and deli specialties.",https://www.google.com/maps/search/Henk's%20European%20Deli%205811%20Blackwell%20St%20Dallas%20TX
"Dude, Sweet Chocolate",12,(972) 249-6606,"408 W Eighth St Unit 102, Dallas, TX 75208",4.6,https://dudesweetchocolate.com/,"A Bishop Arts chocolatier known for its playful, offbeat bonbon flavors and a dark, whimsical shop that feels like a grown-up candy store.",https://dudesweetchocolate.com/
Emporium Pies,12,(469) 206-6126,"314 N Bishop Ave, Dallas, TX 75208",4.6,https://www.emporiumpies.com/,This Bishop Arts pie shop bakes rotating sweet and savory pies with punny names and a devoted local following—the salted caramel apple sells out fastest.,https://www.facebook.com/epbishoparts/
Society Bakery,12,(214) 827-1411,"3610 Greenville Ave, Dallas, TX 75206",4.5,https://www.societybakery.com/,"A Lower Greenville bakery known for towering, from-scratch birthday cakes and cupcakes that have made it a go-to for Dallas celebrations for years.",https://www.societybakery.com/
SusieCakes,12,(214) 983-2253,"6100 Luther Ln, Dallas, TX 75225",4.5,https://susiecakes.com/locations/prc-dallas,"A Preston Hollow bakery specializing in nostalgic, made-from-scratch layer cakes and cupcakes based on family recipes—the banana cake is a favorite.",https://www.instagram.com/susiecakesbakery/

Café du Monde,13,(504) 587-0833,"800 Decatur St, New Orleans, LA 70116",4.5,https://www.cafedumonde.com/,"Open 24 hours since 1862, this French Market coffee stand is synonymous with New Orleans: powdered-sugar beignets and café au lait with chicory, no reservations needed.",https://www.instagram.com/cafedumonde/
Loretta's Authentic Pralines,13,(504) 323-8350,"1100 N Peters St Stall 9, New Orleans, LA 70116",4.7,https://lorettaspralines.com/,"Founded by the first African American woman to own a praline company in the city, Loretta's hand-makes creamy pralines and praline-stuffed beignets in the French Market.",https://www.instagram.com/lorettaspralines/
Angelo Brocato's,13,504-486-1465,"214 N Carrollton Ave, New Orleans, LA 70119",4.7,https://www.angelobrocatoicecream.com/,"A Sicilian ice cream parlor and confectionery since 1905, Brocato's spumoni, cannoli, and lemon ice have been a Mid-City tradition for five generations.",https://www.instagram.com/angelobrocatoicecream/
Hansen's Sno-Bliz,13,504-891-9788,"4801 Tchoupitoulas St, New Orleans, LA 70115",4.7,https://www.google.com/maps/search/Hansen's%20Sno-Bliz%204801%20Tchoupitoulas%20St%20New%20Orleans%20LA,"Running since 1939 on a hand-cranked ice-shaving machine the founder invented himself, Hansen's makes some of the fluffiest snowballs in the city.",https://www.google.com/maps/search/Hansen's%20Sno-Bliz%204801%20Tchoupitoulas%20St%20New%20Orleans%20LA
Sucré,13,877-435-8356,"3025 Magazine St, New Orleans, LA 70115",4.5,https://shopsucre.com/,"A Garden District patisserie known for its jewel-box macarons, king cakes, and gelato, plated with the same precision as its fine-dining pedigree suggests.",https://www.instagram.com/sucreneworleans/
District Donuts Sliders Brew,13,(504) 570-6945,"2209 Magazine St, New Orleans, LA 70130",4.5,https://www.google.com/maps/search/District%20Donuts%202209%20Magazine%20St%20New%20Orleans%20LA,"A Magazine Street donut counter turning out brioche donuts in flavors like bourbon pecan and seasonal fruit glazes, alongside mini sliders and coffee.",https://www.google.com/maps/search/District%20Donuts%202209%20Magazine%20St%20New%20Orleans%20LA
La Boulangerie,13,504-269-3777,"4600 Magazine St, New Orleans, LA 70115",4.5,https://www.google.com/maps/search/La%20Boulangerie%20New%20Orleans%204600%20Magazine%20St%20New%20Orleans%20LA,"A classic French bakery on Magazine Street known for its croissants, king cakes in season, and a case of traditional French pastries.",https://www.google.com/maps/search/La%20Boulangerie%20New%20Orleans%204600%20Magazine%20St%20New%20Orleans%20LA
Leah's Pralines,13,(504) 523-5662,"714 St Louis St, New Orleans, LA 70130",4.6,https://leahspralines.com/,"Making creole candy in the French Quarter since 1933, Leah's is a source for classic pralines and bacon pecan brittle sold by the box.",https://www.instagram.com/leahspralinesnola/
Creole Creamery,13,(504) 894-8680,"4924 Prytania St, New Orleans, LA 70115",4.7,https://creolecreamery.com/,"An old-fashioned Uptown ice cream parlor with over 120 rotating flavors, from king cake to Nutella pretzel, scooped behind a marble counter.",https://www.instagram.com/creolecreamery/
Morning Call Coffee Stand,13,(504) 459-2086,"5101 Canal Blvd, New Orleans, LA 70124",4.6,https://morningcallnola.com/,"Café du Monde's longtime rival for the city's best beignets, Morning Call has served hot beignets and chicory coffee at marble-topped tables since 1870.",https://morningcallnola.com/
Little Man Ice Cream,14,(303) 455-3811,"2620 16th St, Denver, CO 80211",4.6,https://www.littlemanicecream.com/,"Denver's most photographed ice cream stop, scooped from inside a 28-foot steel milk can in LoHi, with a line that runs most summer evenings.",https://www.facebook.com/LittleManIceCream/
Bonnie Brae Ice Cream,14,303-777-0808,"799 S University Blvd, Denver, CO 80209",4.6,https://bonniebraeicecream.com/,"A Denver tradition since 1986, this neighborhood parlor churns over 120 rotating flavors for a devoted, decades-long following.",https://bonniebraeicecream.com/
Gateaux Bakery,14,(303) 376-0070,"1160 Speer Blvd, Denver, CO 80204",4.6,https://www.google.com/maps/search/Gateaux%20Bakery%201160%20Speer%20Blvd%20Denver%20CO,"A from-scratch bakery turning out classic and custom layer cakes, French macarons, and pastries for Denver celebrations of every size.",https://www.google.com/maps/search/Gateaux%20Bakery%201160%20Speer%20Blvd%20Denver%20CO
Mermaid's Bakery,14,303-534-0956,"1543 Champa St, Denver, CO 80202",4.6,https://www.google.com/maps/search/Mermaid's%20Bakery%201543%20Champa%20St%20Denver%20CO,A whimsical downtown Denver cake shop known for elaborately decorated custom cakes and cupcakes in flavors from red velvet to key lime.,https://www.google.com/maps/search/Mermaid's%20Bakery%201543%20Champa%20St%20Denver%20CO
The Cake Bar,14,(720) 837-9703,"214 E 13th Ave, Denver, CO 80203",4.7,https://thecakebardenver.com/,"Denver's favorite all-vegan bakery, this Capitol Hill spot bakes plant-based layer cakes, cupcakes, and cookies that convert skeptics fast.",https://www.instagram.com/thecakebardenver/
The Inventing Room,14,(303) 960-6656,"4433 W 29th Ave Ste 101, Denver, CO 80212",4.7,https://www.google.com/maps/search/The%20Inventing%20Room%204433%20W%2029th%20Ave%20Denver%20CO,"Run by a Willy Wonka-esque local chef, this dessert lab uses liquid nitrogen and theatrical flair to craft smoking, fizzing frozen treats.",https://www.google.com/maps/search/The%20Inventing%20Room%204433%20W%2029th%20Ave%20Denver%20CO
Yard Milkshake Bar,14,(720) 693-5129,"1600 California St Unit 2, Denver, CO 80202",4.5,https://www.theyardmilkshakebar.com/denver-co,"Over-the-top milkshakes piled with everything from cheesecake to a Colorado-inspired Palisade peach topping, downtown at the 16th Street Mall.",https://www.theyardmilkshakebar.com/denver-co
Sweet Cooie's,14,(720) 550-7140,"3506 E 12th Ave, Denver, CO 80206",4.7,https://www.sweetcooies.com/,"A candy-colored Congress Park ice cream shop built around a vintage-inspired storefront, dishing up small-batch scoops and soft serve.",https://www.sweetcooies.com/
Poulette Bakeshop,14,303-955-5647,"19865 E Mainstreet Ste 130, Parker, CO 80138",4.8,https://www.poulettebakeshop.com/,"A James Beard semifinalist bakery in the Denver suburb of Parker, known for exacting French pastry technique in a small, unassuming storefront.",https://www.poulettebakeshop.com/
Baked N' Denver,14,(303) 777-9361,"1301 S Broadway, Denver, CO 80210",4.6,https://www.google.com/maps/search/Baked%20N'%20Denver%201301%20S%20Broadway%20Denver%20CO,"An independent South Broadway doughnut shop turning out classic workingman's doughnuts, kolaches, and breakfast sandwiches since 2020.",https://www.google.com/maps/search/Baked%20N'%20Denver%201301%20S%20Broadway%20Denver%20CO
Fran's Chocolates,15,(206) 682-0168,"1325 1st Ave, Seattle, WA 98101",4.7,https://www.franschocolates.com/,"A Seattle chocolatier since 1982 whose smoked salt caramels reportedly became a favorite gift of the Obama White House, made in small batches downtown.",https://www.franschocolates.com/
Molly Moon's Homemade Ice Cream,15,(206) 708-7947,"917 E Pine St, Seattle, WA 98122",4.6,https://www.mollymoon.com/,"A Seattle-born ice cream shop churning seasonal, locally sourced flavors like balsamic strawberry and salted caramel since 2008.",https://www.mollymoon.com/
Hot Cakes Molten Chocolate Cakery,15,(206) 258-2591,"1650 E Olive Way, Seattle, WA 98102",4.6,https://getyourhotcakes.com/,"Started as a farmers-market stand, Hot Cakes now bakes gooey molten chocolate cakes and s'mores in a cozy Capitol Hill storefront.",https://getyourhotcakes.com/
Cupcake Royale,15,(206) 701-6266,"1102 E Pike St, Seattle, WA 98122",4.4,https://cupcakeroyale.com/,"A Seattle cupcake pioneer since 2003, Cupcake Royale bakes espresso-buttercream and seasonal flavors sourced from its own dairy farm.",https://cupcakeroyale.com/
Simply Desserts,15,(206) 633-2671,"3421 Fremont Ave N, Seattle, WA 98103",4.6,https://www.google.com/maps/search/Simply%20Desserts%20Seattle%203421%20Fremont%20Ave%20N%20Seattle%20WA,"A Fremont institution for scratch-made cakes and pies, Simply Desserts has been a neighborhood sweet-tooth fixture for decades.",https://www.google.com/maps/search/Simply%20Desserts%20Seattle%203421%20Fremont%20Ave%20N%20Seattle%20WA
Sea Wolf Bakers,15,(206) 360-0001,"3617 Stone Way N, Seattle, WA 98103",4.7,https://www.seawolfbakers.com/,"A Fremont bakery known for naturally leavened sourdough loaves and exceptional chocolate croissants, best enjoyed with coffee on-site.",https://www.seawolfbakers.com/
Saint Bread,15,(206) 566-5195,"1421 NE Boat St, Seattle, WA 98105",4.7,https://www.saintbread.com/,"A Portage Bay bakery blending French, Japanese, and Scandinavian pastry traditions, recognized as a James Beard semifinalist for Outstanding Bakery.",https://www.saintbread.com/
Bakery Nouveau,15,(206) 858-6957,"137 15th Ave E, Seattle, WA 98112",4.7,https://bakerynouveau.com/,"Founded by a World Cup of Baking champion, Bakery Nouveau's Capitol Hill outpost is known for twice-baked chocolate almond croissants.",https://bakerynouveau.com/
Tres Lecheria,15,(206) 257-4299,"2315 N 45th St, Seattle, WA 98103",4.7,https://www.google.com/maps/search/Tres%20Lecheria%202315%20N%2045th%20St%20Seattle%20WA,"Run by a Food Network baking-show winner, this Wallingford shop specializes almost entirely in tres leches cake, sold by the jar or the slice.",https://www.google.com/maps/search/Tres%20Lecheria%202315%20N%2045th%20St%20Seattle%20WA
Coyle's Bakeshop,15,(206) 257-4736,"8300 Greenwood Ave N, Seattle, WA 98103",4.7,https://www.coylesbakeshop.com/,"A Greenwood bakery known for French-inspired pastries with Pacific Northwest touches, from brown-butter financiers to seasonal fruit danishes.",https://www.coylesbakeshop.com/

Dessert Gallery Bakery & Cafe,16,(713) 522-9999,"3600 Kirby Dr Ste D, Houston, TX 77098",4.6,https://dessertgallery.com/,"A Houston institution since 1995, Dessert Gallery is best known for its towering White Chocolate Bread Pudding and case of made-from-scratch cakes.",https://dessertgallery.com/
House of Pies,16,(713) 528-3816,"3112 Kirby Dr, Houston, TX 77098",4.5,https://houseofpies.com/,"A 24-hour Houston diner and pie shop since the 1960s, House of Pies bakes cream, fruit, and pecan pies around the clock for a devoted late-night crowd.",https://houseofpies.com/
Three Brothers Bakery,16,(713) 522-2253,"4606 Washington Ave, Houston, TX 77007",4.7,https://3brothersbakery.com/,"Founded by three Holocaust-survivor brothers in 1948, this bakery is a Houston institution for kolaches, rugelach, and made-from-scratch cakes.",https://www.facebook.com/3brothersbakery/
The Original Kolache Shoppe,16,(713) 649-0711,"5404 Telephone Rd, Houston, TX 77087",4.6,https://www.originalkolache.com/,"Baking Czech-recipe fruit and sausage kolaches since 1956, this South Houston shop is one of the city's oldest kolache bakeries.",https://www.originalkolache.com/
Fat Cat Creamery,16,(832) 409-6568,"1225 W 34th St Ste 300, Houston, TX 77018",4.6,https://www.google.com/maps/search/Fat%20Cat%20Creamery%201225%20W%2034th%20St%20Houston%20TX,"A small-batch Houston ice cream maker known for playful, rotating flavors like brown butter pecan and strawberry basil, scooped at a bright Garden Oaks storefront.",https://www.google.com/maps/search/Fat%20Cat%20Creamery%201225%20W%2034th%20St%20Houston%20TX
Common Bond Bistro & Bakery,16,(713) 529-3535,"1706 Westheimer Rd, Houston, TX 77098",4.5,https://www.commonbondcafe.com/,"A Montrose bakery-cafe known for laminated pastries, macarons, and an all-day patisserie case that draws a steady brunch crowd.",https://www.commonbondcafe.com/
Dolce Neve Gelato,16,(832) 767-2183,"4721 N Main St Ste H, Houston, TX 77009",4.7,https://www.dolcenevegelato.com/,"A Near Northside gelato shop making small-batch flavors like goat cheese with blueberry jam and whiskey pecan, alongside classics like pistachio.",https://www.dolcenevegelato.com/
Rustika Cafe & Bakery,16,(713) 665-6226,"3237 Southwest Fwy, Houston, TX 77027",4.6,https://www.rustikacafe.com/,"A Houston cake shop since 1994, Rustika is known for elaborate custom cakes and a European-style pastry case in a colorful, art-filled cafe.",https://www.rustikacafe.com/
Sinfull Bakery,16,(281) 467-0017,"1714 Webster St, Houston, TX 77003",4.6,https://www.google.com/maps/search/Sinfull%20Bakery%201714%20Webster%20St%20Houston%20TX,"Houston's first vegan bakery, Sinfull bakes cookies, cinnamon rolls, and cakes that are entirely plant-based without announcing it on flavor alone.",https://www.google.com/maps/search/Sinfull%20Bakery%201714%20Webster%20St%20Houston%20TX
Cloud 10 Creamery,16,(713) 485-4770,"3201 Louisiana St, Houston, TX 77006",4.6,https://cloud10creamery.com/,"A Midtown ice cream shop built around Southern-inflected flavors like buttermilk and peach cobbler, made in small batches on-site.",https://cloud10creamery.com/
