food_name,city_id,food_number,food_address,food_rating,food_website,description,content_link
Bresca,1,(202) 518-7926,"1906 14th St NW, Washington, DC 20009",4.5,https://www.brescadc.com/ ,"Bresca is a Michelin-starred modern bistro in Washington, D.C., known for its innovative and artistic approach to cuisine. The menu focuses on seasonal ingredients and bold flavor combinations. The atmosphere is chic yet relaxed, making it perfect for special occasions or refined casual dining.",https://www.youtube.com/watch?v=0qZd6PaspSw
The Pembroke,1,(202) 448-4302,"1500 New Hampshire Ave NW, Washington, DC 20036",4.6,https://thepembrokedc.com/ ,"The Pembroke is a stylish and elegant dining room located in Dupont Circle. It serves a menu of American cuisine with European influences, presented with finesse and sophistication. The restaurant features beautiful interior design and a comfortable, upscale vibe.",https://www.youtube.com/watch?v=-Fmotesbfco
1789 Restaurant & Bar,1,(202) 965-1789,"1226 36th St NW, Washington, DC 20007",4.5,https://www.1789restaurant.com/,1789 Restaurant & Bar is a historic gem nestled in Georgetown. It offers refined American fare in a charming setting filled with antique decor and old-world charm. The restaurant is known for its exceptional service and seasonal dishes.,https://www.youtube.com/watch?v=hdg-fonWn48
Fiola,1,(202) 628-2888,601 Pennsylvania Ave NW Washington DC 20004,4.6,https://www.fioladc.com/dinner,"Fiola is a fine Italian dining restaurant by award-winning chef Fabio Trabocchi. Located in downtown D.C., it offers sophisticated, seasonal menus featuring pasta, seafood, and elegant wine pairings. The ambiance is luxurious and ideal for upscale dining experiences.",https://www.instagram.com/fioladc/
Ambar Shaw,1,(202) 478-2280,"1547 7th St NW, Washington, DC 20001",4.8,https://ambarrestaurant.com/shaw-dc/,Ambar Shaw reimagines Balkan cuisine through a small plates concept. The menu blends traditional flavors with modern culinary techniques. It’s a vibrant and stylish spot popular for its unlimited tasting menu and inventive cocktails.,https://www.tripadvisor.com/Restaurant_Review-g28970-d25084103-Reviews-Ambar_Shaw-Washington_DC_District_of_Columbia.html
Kingbird,1,(202) 838-4471,"2650 Virginia Avenue The Watergate Hotel, Washington, DC 20037",4.1,https://www.thewatergatehotel.com/kingbird/visit?utm_source=google&utm_medium=organic&utm_campaign=business_listing ,"Kingbird is located inside The Watergate Hotel and features contemporary American cuisine. With artful presentations and a sophisticated menu, the restaurant offers both all-day dining and a more upscale evening experience. It boasts a sleek, modern design with views of the Potomac River.",https://www.instagram.com/kingbird_restaurant/
Smoke & Mirrors,1,(202) 984-2474,"867 New Jersey Ave SE, Washington, DC 20003",4.0,https://www.smokeandmirrorsrooftop.com/,"Smoke & Mirrors is a rooftop bar and restaurant with sweeping views of Washington, D.C. Known for its craft cocktails and shareable small plates, it offers a trendy ambiance ideal for evening outings. The rooftop experience makes it a hotspot for both locals and tourists.",https://www.tripadvisor.com/Restaurant_Review-g28970-d23897045-Reviews-Smoke_Mirrors_Rooftop_Bar-Washington_DC_District_of_Columbia.html
Gerrard Street Kitchen,1,(202) 521-7171,"1515 Rhode Island Ave NW, Washington, DC 20005",4.5,https://www.thedarcyhotel.com/dining/gerrard-street-kitchen,"Gerrard Street Kitchen is a globally inspired restaurant at The Darcy Hotel. It offers a curated menu that fuses Asian, Middle Eastern, and Latin American influences. The space features modern decor and a warm, inviting atmosphere.",https://www.youtube.com/watch?v=pR-Uar-gzoE
Filomena Ristorante,1,(202) 338-8800,"1063 Wisconsin Avenue, NW Washington, D.C. 20007",4.6,https://www.filomena.com/,"Filomena Ristorante is a Georgetown staple serving hearty Italian-American cuisine. It’s beloved for its homemade pastas, generous portions, and old-world ambiance. Seasonal decorations and on-site pasta-making add to its unique charm.",https://www.instagram.com/filomenaristorante/
Ben's Chili Bowl,1,(202) 667-0909,"1213 U St NW, Washington, DC 20009",4.4,https://benschilibowl.com/,"Ben's Chili Bowl is an iconic D.C. institution known for its chili dogs and half-smokes. A cultural landmark since 1958, it has served celebrities, presidents, and locals alike. The atmosphere is casual and steeped in history.",https://www.youtube.com/watch?v=tt6LJw0I98Y
Gallaghers Steakhouse,2,(212) 586-5000,"228 W 52nd St, New York, NY 10019",4.6,https://gallaghersnysteakhouse.com/index.php,"Gallaghers Steakhouse is a legendary New York City steakhouse located near Times Square. Known for its dry-aged prime beef and classic New York charm, it has been serving quality steaks since 1927. The interior features an old-school vibe with wood-paneled walls and vintage photographs.",https://www.youtube.com/watch?v=X2LpoFMsh1E
Da Marino,2,(212) 541-6601,"220 W 49th St, New York, NY 10019",4.2,https://www.facebook.com/DaMarinoNewYork/,"Da Marino is an Italian restaurant nestled in the Theater District of Manhattan. It is celebrated for its traditional recipes, warm ambiance, and live piano music. With walls adorned with photos of celebrity guests, it’s a lively spot for pre-theater dining.",https://www.youtube.com/watch?v=JXq9fKWMhWw
IL Cortile,2,(212) 226-6060,"125 Mulberry St #4603, New York, NY 10013",4.3,https://ilcortile.com/,"IL Cortile is a family-owned Italian restaurant in the heart of Little Italy. Its extensive menu features classic Southern Italian dishes and house-made pastas. The ambiance is romantic and elegant, perfect for date nights or special occasions.",https://youtu.be/JXq9fKWMhWw?si=Tvfr_qCKS7nE9ffr
Manhatta,2,(212) 230-5788,"28 Liberty St 60th floor, New York, NY 10005",4.7,https://www.manhattarestaurant.com/,"Manhatta combines breathtaking views of Lower Manhattan with refined New American cuisine. Located on the 60th floor, it offers a serene, upscale dining experience with a focus on locally sourced ingredients. The service and scenery make it a top destination for elevated dining.",https://www.instagram.com/manhatta_nyc/
Keens Stakehouse,2,(212) 947-3636,"72 W 36th St., New York, NY 10018",4.6,https://www.keens.com/,"Keens Steakhouse is one of the oldest steakhouses in NYC, famous for its mutton chop and historic décor. It boasts an incredible collection of churchwarden pipes and a traditional American menu. Dining at Keens is like stepping back in time.",https://www.youtube.com/watch?v=6HiYDFPashE
Peter Luger Steak House,2,(718) 387-7400,"178 Broadway, Brooklyn, NY 11211",4.4,https://peterluger.com/,"Peter Luger Steak House in Brooklyn has been a benchmark for quality steaks since 1887. Known for its no-frills atmosphere and cash-only policy, it serves perfectly aged porterhouse steaks. It’s a must-visit for steak lovers seeking authenticity.",https://www.instagram.com/peterlugersteakhouse/
Peak with Priceless Restaurant & Bar,2,(332) 204-8547,"30 Hudson Yards 101st floor, New York, NY 10001",4.5,https://www.peaknyc.com/,"Peak with Priceless Restaurant & Bar is located at the summit of Hudson Yards. It features floor-to-ceiling windows and a contemporary American menu. Guests come for the views as much as the cuisine, making it ideal for a memorable outing.",https://www.youtube.com/watch?v=S0iceKk5cwc
Petite Boucherie,2,(646) 756-4145,"First Floor, 14 Christopher St, New York, NY 10014",4.7,https://www.boucherieus.com/location/boucherie-petite-boucherie-bistro/,"Petite Boucherie is a quaint French bistro in the West Village. It offers classic dishes like escargot, coq au vin, and steak frites in an intimate, candle-lit space. The ambiance evokes the charm of Parisian cafés.",https://www.instagram.com/explore/locations/174474199891921/petite-boucherie/
Upland,2,(212) 686-1006,"345 Park Ave S, New York, NY 10010",4.5,https://uplandnyc.com/,"Upland blends California-inspired cuisine with Italian influences in a warm, rustic setting. The open kitchen and wood-accented interiors add to the cozy atmosphere. It's known for its approachable yet refined dishes like bucatini cacio e pepe and roast chicken.",https://www.youtube.com/watch?v=tX3hopsgfxE
Marea,2,(212) 582-5100,"240 Central Park S, New York, NY 10019",4.5,https://www.marearestaurant.com/new-york,"Marea is a Michelin-starred restaurant near Central Park specializing in Italian seafood. Renowned for its crudo, handmade pastas, and elegant service, it's a favorite for upscale dining. The dining room is sleek and sophisticated, attracting locals and tourists alike.",https://www.youtube.com/watch?v=lUdZnd0F1YM
By George restaurant and bar,3,(470) 851-2752,"127 Peachtree Rd NE, Atlanta, GA 30303",4.6,https://www.bygeorgeatl.com/,"By George restaurant and bar is housed in a historic Atlanta hotel, offering contemporary American fare. With its grand decor and curated cocktails, it blends Southern charm with upscale dining. The restaurant’s ambiance is both sophisticated and inviting.",https://www.youtube.com/watch?v=6pXu73nU7mU
Nikolai's Roof,3,(404) 221-6362,"255 Courtland St NE, Atlanta, GA 30303",4.4,https://www.nikolaisroofatl.com/,"Nikolai's Roof is an upscale restaurant in Atlanta atop the Hilton hotel. Known for its French-Russian cuisine and panoramic city views, it delivers an exceptional fine-dining experience. Guests appreciate the elegant setting and attentive service.",https://www.youtube.com/watch?v=8NjNDhqfCt4
The Americano Atlanta by Scott Conant,3,(404) 946-9070,"3315 Peachtree Rd NE, Atlanta, GA 30326",4.5,https://www.theamericanoatlanta.com/,"The Americano Atlanta by Scott Conant is a modern Italian steakhouse from the celebrity chef. The menu features prime meats and pasta in a sleek, vibrant environment. It's a stylish spot for both casual diners and culinary enthusiasts.",https://www.youtube.com/watch?v=8NO04_8R_7c
Pasta da Pulcinella,3,(404) 876-1114,"1100 West Peachtree Street NW Atlanta, GA 30309",4.4,https://pastadapulcinella.com/,"Pasta da Pulcinella is a cozy trattoria located in Midtown Atlanta. It serves homemade pasta dishes in a rustic house setting, perfect for intimate dinners. The warm service and charming atmosphere make it a local favorite.",https://www.tiktok.com/discover/pasta-making-atlanta
Atlanta Breakfast Club,3,(678) 492-5099,"249 Ivan Allen Jr Blvd NW, Atlanta, GA 30313",4.5,https://www.atlbreakfastclub.com/,"Atlanta Breakfast Club is a buzzing breakfast and brunch spot in downtown Atlanta. Famous for its fried chicken and waffles and creamy grits, it delivers hearty Southern comfort food. Expect a wait, as it’s a hit with both tourists and locals.",https://www.youtube.com/watch?v=avOQlfUgWYc
Aria,3,(404) 233-7673,"490 East Paces Ferry Rd NE, Atlanta, GA 30305",4.6,https://www.aria-atl.com/,"Aria is a high-end dining destination in Buckhead known for its contemporary American menu. The setting is intimate and artistically designed, ideal for romantic dinners. The menu features seasonal ingredients crafted with precision.",https://www.youtube.com/watch?v=QPuXc74GH38
Ray's in the City,3,(404) 524-9224,"240 Peachtree St, Atlanta, GA 30303",4.6,https://raysinthecity.com/,"Ray's in the City is a seafood restaurant in downtown Atlanta. It offers a wide selection of fresh seafood, steaks, and sushi in an elegant yet relaxed atmosphere. Live music and attentive service enhance the dining experience.",https://www.youtube.com/watch?v=pTPZ22tzJ-g
Poor Calvin's,3,(404) 254-4051,"510 Piedmont Ave NE, Atlanta, GA 30308",4.6,https://poorcalvins.com/,Poor Calvin's is a creative fusion restaurant in Atlanta combining Southern and Asian flavors. Dishes like lobster fried rice and duck confit with Thai spices stand out. The ambiance is modern with whimsical décor.,https://www.instagram.com/poorcalvins/
Home Grown,3,(404) 222-0455,"968 Memorial Dr SE, Atlanta, GA 30316",4.6,https://www.homegrownga.com/,"Home Grown is a laid-back Southern diner in Atlanta serving comfort food with a local twist. The quirky interior is filled with vintage finds, and the menu focuses on farm-fresh ingredients. It’s best known for its breakfast and brunch offerings.",https://www.youtube.com/watch?v=fWghP11kh5Y
Bacchanalia,3,(404) 365-0410,"1460 Ellsworth Industrial Blvd NW Suite 1, Atlanta, GA 30318",4.6,https://www.starprovisions.com/bacchanalia,"Bacchanalia is Atlanta’s premier fine dining restaurant offering a seasonal prix-fixe menu. With locally sourced ingredients and exquisite presentations, it provides a top-tier culinary experience. The modern yet minimalist setting adds to its upscale appeal.",https://www.youtube.com/watch?v=d6nNnmXolig
Sugidama,4,(617) 764-5770,"234 Elm St Somerville, MA 02144",4.6,https://www.sugidamasoba.com/,"Sugidama is a cozy Japanese izakaya in Somerville, MA, specializing in sushi, ramen, and sake. Its warm interior and traditional decor create an authentic dining experience. Locals love the quality and value of its extensive menu.",https://www.instagram.com/sugidamasoba/
La Brasa,4,(617) 764-1412,"124 Broadway, Somerville, MA 02145",4.3,https://www.labrasasomerville.com/,"La Brasa is a globally inspired restaurant in Somerville offering wood-fired dishes made with local ingredients. It has a rustic-industrial vibe and a diverse menu that changes with the seasons. The communal tables add to its social, lively feel.",https://www.instagram.com/labrasaboston/
Moona,4,(617) 945-7448,"243 Hampshire St, Cambridge, MA 02139",4.5,https://www.moonarestaurant.com/,"Moona is a chic Mediterranean restaurant in Cambridge, MA. The menu showcases bold, fresh flavors from the Eastern Mediterranean with a modern twist. The space is intimate and stylish, making it ideal for both dates and small groups.",https://www.instagram.com/moonarestaurant/
Puritan & Company,4,(617) 615-6195,"1166 Cambridge St, Cambridge, MA 02139",4.5,https://www.puritancambridge.com/,"Puritan & Company is a modern American restaurant in Cambridge focused on New England ingredients. Known for its inventive menu and brunch options, the space combines rustic charm with a contemporary vibe. It’s a favorite among foodies.",https://www.instagram.com/puritanco/
Wusong Road,4,(617) 528-9125,"112 Mt Auburn St, Cambridge, MA 02138",4.5,https://www.wusongroad.com/,Wusong Road is a tropical cocktail bar and Asian street food spot in Cambridge. It features tiki-inspired decor and offers dishes like bao buns and noodles. The upstairs lounge and unique drinks make it a nightlife favorite.,https://www.tripadvisor.com/Restaurant_Review-g60890-d21343544-Reviews-Wusong_Road-Cambridge_Massachusetts.html
Krasi,4,(617) 536-0230,"48 Gloucester St, Boston, MA 02115",4.7,https://www.krasiboston.com/,Krasi is a Greek wine bar and restaurant located in Boston’s Back Bay. It offers a curated menu of meze and authentic Greek dishes. The cozy yet upscale setting is enhanced by a large selection of rare Greek wines.,https://www.youtube.com/watch?v=72NfUSnf5kc
SRV,4,(617) 536-9500,"569 Columbus Ave, Boston, MA 02118",4.6,https://www.srvboston.com/,SRV (Serene Republic of Venice) is an Italian restaurant in Boston focusing on Venetian small plates and handmade pasta. Its elegant yet unpretentious setting makes it popular for both casual and celebratory meals. The pasta tasting menu is a standout.,https://www.youtube.com/watch?v=rDALzsg5tsw
Blue Nile,4,(617) 522-6453,"389 Centre St, Boston, MA 02130",4.5,https://www.bluenileboston.com/,Blue Nile is a family-run Ethiopian restaurant in Jamaica Plain. It offers a traditional injera-based menu with rich stews and vegetarian options. The welcoming atmosphere and authentic flavors keep guests returning.,https://www.youtube.com/watch?v=RaKyhab1Szo
Merengue Restaurant,4,(617) 445-5403,"156 Blue Hill Avenue, Boston, MA 02125",4.1,https://merenguerestaurant.com/,"Merengue Restaurant is a vibrant Dominican eatery in Roxbury, Boston. The lively ambiance and colorful decor reflect its Caribbean roots. It's known for generous portions and bold, flavorful dishes like mofongo and fried plantains.",https://www.youtube.com/watch?v=phWLmbGEbZk
Tonino,4,(617) 524-9217,"669a Centre St, Boston, MA 02130",4.8,https://www.toninojp.com/,Tonino is a charming Italian trattoria located in Jamaica Plain. It serves handmade pastas and rustic Italian fare in a quaint setting. The restaurant emphasizes quality ingredients and traditional recipes.,https://www.youtube.com/watch?v=UVSIVM0S7l0
"Irwin’s",5,(215) 693-6206,"800 Mifflin St, Philadelphia, PA 19148",4.4,https://www.irwinsupstairs.com/,"Irwin’s is a Sicilian-inspired rooftop restaurant in South Philadelphia. Located in a historic school building, it combines elegant Italian cuisine with city skyline views. It’s perfect for intimate dinners and special occasions.",https://www.instagram.com/irwinsupstairs/
Pat's King of Steaks,5,(215) 468-1546,"1237 E Passyunk Ave, Philadelphia, PA 19147",4.1,https://www.patskingofsteaks.com/,"Pat's King of Steaks is one of Philadelphia’s most iconic cheesesteak shops. Founded in 1930, it’s often credited with inventing the Philly cheesesteak. The no-frills counter service and outdoor seating attract locals and tourists alike.",https://www.youtube.com/watch?v=4eP945alikw
Angelo's Pizzeria ,5,(215) 922-0000,"736 S 9th St, Philadelphia, PA 19147",4.6,https://angelospizzeriasouthphiladelphia.com/,"Angelo's Pizzeria is a beloved South Philly pizza spot known for its wood-fired pies and house-baked hoagie rolls. It’s a cash-only operation with limited seating, so lines are common. The pizza crust and ingredients are top notch.",https://www.instagram.com/angelos_pizzeria_south_philly/
Friday Saturday Sunday,5,(215) 546-4232,"261 S 21st St, Philadelphia, PA 19103",4.7,https://www.fridaysaturdaysunday.com/,"Friday Saturday Sunday is a modern American fine dining restaurant in Philadelphia’s Rittenhouse Square. It offers a seasonal tasting menu in an intimate, multi-level space. It’s praised for its creativity and attention to detail.",https://www.youtube.com/watch?v=eUekjXmwZUU
Vetri Cucina,5,(215) 732-3478,"1312 Spruce St, Philadelphia, PA 19107",4.8,https://vetricucina.com/,"Vetri Cucina is a critically acclaimed Italian restaurant offering an elegant, prix fixe dining experience. Located in a historic townhouse, it specializes in handmade pastas and regional Italian dishes. The ambiance is warm and refined.",https://www.youtube.com/watch?v=JmR4NpgRFnM
Kampar,5,(215) 989-2202,"611 South 7th Street, Philadelphia, Pennsylvania 19147",4.3,https://www.kamparphilly.com/,"Kampar is a Malaysian restaurant in Philadelphia serving traditional Southeast Asian dishes. Its menu features bold curries, noodles, and street food favorites. The casual setting allows the flavors to take center stage.",https://www.youtube.com/watch?v=o4r94UhKW_Y
South Philly Barbacoa,5,(215) 694-3797,"1149 S 9th St, Philadelphia, PA 19147",4.7,http://southphillybarbacoa.com/,"South Philly Barbacoa is known for its authentic barbacoa tacos and community-oriented mission. Owned by chef Cristina Martinez, it has received national acclaim. The menu is simple, but every bite is rich in flavor and heart.",https://www.youtube.com/watch?v=wq-PJNo7r2U
Vernick Fish,5,(215) 419-5055,"1 N 19th St, Philadelphia, PA 19103",4.7,https://www.vernickfish.com/,Vernick Fish is a seafood-focused restaurant in Philadelphia’s Four Seasons Hotel. It offers modern interpretations of classic seafood dishes in a refined setting. The raw bar and small plates are standout features.,https://www.youtube.com/watch?v=cJvZzLiMEtg
Rex at the Royal,5,(267) 319-1366,"1524 South St, Philadelphia, PA 19146",4.5,https://www.rexphl.com/,"Rex at the Royal is a Southern-inspired restaurant set in a historic theater. It combines Lowcountry cuisine with Philly soul in a stylish setting. Expect dishes like shrimp and grits, bourbon cocktails, and creative starters.",https://www.tripadvisor.com/Restaurant_Review-g60795-d2643177-Reviews-Rex_1516-Philadelphia_Pennsylvania.html
Tabachoy,5,(215) 315-8720,"932 S 10th St (at Hall St), Philadelphia, PA 19147",4.7,https://www.tabachoyphilly.com/,"Tabachoy is a Filipino-American eatery known for its inventive takes on classic dishes. The name means “chubby” in Tagalog, reflecting its indulgent, satisfying plates. It offers casual dining with bold flavors and generous portions.",https://www.instagram.com/tabachoyphilly/
Estiatorio Milos,6,(305) 604-6800,"730 First Street Miami Beach, FL 33139",4.5,https://www.estiatoriomilos.com/location/miami/,"Estiatorio Milos is a luxurious Greek seafood restaurant in Miami, known for its market-fresh fish. It emphasizes simple preparation to highlight the natural flavors. The elegant ambiance and attentive service make it a top-tier dining spot.",https://www.instagram.com/estiatoriomilos/
Beauty & The Butcher,6,(305) 665-9661,"6901 Red Rd, Coral Gables, FL 33143",4.8,https://www.beautyandthebutchermiami.com/,"Beauty & The Butcher is a trendy steakhouse in Miami offering inventive takes on meat-focused dishes. The décor is modern and vibrant, and the menu includes shareable plates and curated wines. It’s a perfect mix of chic and delicious.",https://www.tripadvisor.com/Restaurant_Review-g34152-d25224544-Reviews-Beauty_The_Butcher-Coral_Gables_Florida.html
La Mar by Gastón Acurio,6,(305) 913-8358,"500 Brickell Key Dr, Miami, FL 33131",4.4,https://lamarcebicheria.com/miami/,"La Mar by Gastón Acurio serves contemporary Peruvian cuisine on the waterfront in Brickell. Known for its ceviche and anticuchos, the restaurant blends upscale dining with Latin American flair. The outdoor patio offers spectacular bay views.",https://www.youtube.com/watch?v=CdoerFn3TOE
Dirty French Steakhouse,6,"(305) 990-8707","1200 Brickell Ave, Miami, FL 33131",4.0,https://dirtyfrench.com/miami,"Dirty French Steakhouse is a flamboyant and bold eatery offering French-inspired steakhouse fare. With opulent décor and theatrical presentation, it’s a unique experience. Expect a lively atmosphere and luxurious dishes.",https://www.youtube.com/watch?v=t3HiqrYhJOY
Old's Havana Cuban Bar & Cocina,6,(786) 518-2196,"1442 SW 8th St, Miami, FL 33135",4.8,https://oldshavana.com/,"Old's Havana Cuban Bar & Cocina is a festive spot in Little Havana, Miami. It offers traditional Cuban dishes, cocktails, and live music in a nostalgic setting. The ambiance evokes the golden age of Havana’s nightlife.",https://www.youtube.com/watch?v=BIY8UpZ3D7k
CVI.CHE 105,6,(305) 577-3454,"105 NE 3rd Ave, Miami, FL 33132",4.5,https://ceviche105.squarespace.com/,"CVI.CHE 105 is a popular Peruvian restaurant with multiple locations in Miami. Famous for its wide array of ceviches, it also features lomo saltado and causas. The vibrant interior and colorful plates create an exciting dining vibe.",https://www.instagram.com/ceviche105/
La Cañita,6,(305) 392-0811,"Bayside Marketplace, 401 Biscayne Blvd 2nd floor, Miami, FL 33132",4.8,https://www.lacanitamiami.com/,"La Cañita is a Caribbean and Latin American restaurant on Miami’s waterfront. With bold flavors and tropical cocktails, it’s great for both casual and special dining. The views of the bay add a scenic touch to the experience.",https://www.instagram.com/lacanitamiami/
Mayami Wynwood,6,(786) 660-1341,"127 NW 23rd St, Miami, FL 33127",4.6,https://www.mayamiwynwood.com/,"Mayami Wynwood is a high-energy Latin fusion restaurant and lounge. Located in the artsy Wynwood district, it offers theatrical dining with live performances and music. The menu is bold, and the experience is unforgettable.",https://www.youtube.com/watch?v=WkF_c32--Fs
Sanguich De Miami,6,(305) 539-0969,"2057 SW 8th St, Miami, FL 33135",4.6,https://sanguich.com/,"Sanguich De Miami is a small, artisanal Cuban sandwich shop in Little Havana. It makes everything from scratch, including the pickles and mustard. Though small in size, it’s big on flavor and authenticity.",https://www.youtube.com/watch?v=4i9aEiOfS7Y
Niu Kitchen,6,(786) 717-6711,"104 NE 2nd Ave, Miami, FL 33132",4.6,https://niukitchen.com/,"Niu Kitchen is a hidden gem in downtown Miami offering Catalan-inspired tapas. Its minimalist decor and bold flavors make it a favorite for foodies. The dishes are inventive yet rooted in tradition, offering a true taste of Barcelona.",https://www.youtube.com/watch?v=thMOGG88-6M
Haberdish,7,(704) 817-1084,"3106 N Davidson St, Charlotte, NC 28205",4.5,https://haberdish.com/,"Haberdish is a Southern kitchen and craft cocktail bar located in Charlotte, NC. It serves fried chicken, mac and cheese, and other comfort foods in a vintage-style setting. The décor pays homage to mill town roots, and the cocktails are top-tier.",https://www.youtube.com/watch?v=zYassowfY7c
Original Chicken & Ribs,7,(704) 332-2902,"1100 Beatties Ford Rd (at Oaklawn Ave), Charlotte, NC 28216",4.4,https://www.chicknribz.com/,"Original Chicken & Ribs is a casual dining spot in Charlotte known for its hearty, no-frills meals. It specializes in classic American BBQ and fried chicken. The portions are generous, and the service is friendly.",https://www.youtube.com/watch?v=ZtKb7G3qb_8
L'Ostrica,7,(704) 516-7283,"4701 Park Road, Charlotte, North Carolina 28209",4.9,https://www.lostricaclt.com/,"L'Ostrica is a seafood restaurant in Charlotte offering fresh oysters and a coastal European menu. The atmosphere is casual but elegant, with a strong focus on quality ingredients. It’s popular for happy hour and special occasions alike.",https://www.instagram.com/lostrica_clt/
Lang Van,7,"(704) 531-9525","3019 Shamrock Dr, Charlotte, NC 28215",4.7,No Website,"Lang Van is a beloved family-owned Vietnamese restaurant in Charlotte. It has a huge menu filled with authentic options, from pho to clay pot dishes. The warm hospitality and consistency make it a city favorite.",https://www.youtube.com/watch?v=voHETzQry4Y
Salud Cerveceria,7,(980) 495-6612,"3306 N Davidson St, Charlotte, NC 28205",4.7,https://saludcerveceria.com/,Salud Cerveceria is a craft beer and wood-fired pizza spot in Charlotte’s NoDa neighborhood. It offers a rotating beer selection and creative pizza flavors. The laid-back vibe and community spirit make it a neighborhood staple.,https://www.youtube.com/watch?v=aqB2sJoq70M
Alexander Michael's,7,(704) 332-6789,"401 W 9th St, Charlotte, NC 28202",4.7,https://almikestavern.com/,"Alexander Michael's is a cozy American tavern located in Charlotte’s Fourth Ward. The menu is straightforward but satisfying, with pub favorites and daily specials. Its homey charm and consistent quality draw loyal patrons.",https://www.youtube.com/watch?v=srwOA3jNKsI
Stagioni,7,(704) 372-8110,"715 Providence Rd, Charlotte, NC 28207",4.5,https://www.stagioniclt.com/,"Stagioni is a modern Italian restaurant located in a restored historic villa. It blends classic Italian dishes with seasonal, locally sourced ingredients. The space is elegant yet inviting, making it suitable for both dates and dinners with friends.",https://www.youtube.com/watch?v=78DIJbjYrSc
Restaurant Constance,7,(980) 549-1999,"2200 Thrift Rd, Charlotte, NC 28208",4.8,https://www.yourfarmsyourtable.com/reservations,"Restaurant Constance is a tiny, reservation-only farm-to-table concept in Charlotte. It focuses on local produce and creative plating in an intimate setting. Diners enjoy the personal, handcrafted feel of each course.",https://www.youtube.com/watch?v=JmcFc4cvPog
Fin & Fino,7,(704) 800-5680,"135 Levine Avenue of the Arts #100, Charlotte, NC 28202",4.6,https://www.finandfino.com/,"Fin & Fino is an Uptown Charlotte seafood house with a modern, social vibe. Known for its oysters and seafood towers, the restaurant encourages sharing. The staff is knowledgeable and attentive, adding to the energetic ambiance.",https://www.tripadvisor.com/Restaurant_Review-g49022-d14066076-Reviews-Fin_Fino-Charlotte_North_Carolina.html
Supperland ,7,(704) 817-7514,"1212 The Plaza, Charlotte, NC 28205",4.5,https://supper.land/,"Supperland is a Southern steakhouse located in a converted church. It fuses traditional flavors with creative twists, served in a beautifully renovated space. Guests love its theatrical dishes and upscale rustic aesthetic.",https://www.youtube.com/watch?v=lW52es_sHgw
Prince's Hot Chicken,8,(615) 810-9388,"5814 Nolensville Pk #110, Nashville, TN 37211",4.3,https://www.princeshotchicken.com/,"Prince's Hot Chicken is the original Nashville hot chicken joint. It’s credited with inventing the genre and still serves it spicy, crispy, and full of flavor. The setting is humble, but the legacy is unmatched.",https://www.youtube.com/watch?v=0pY1SzwHwfQ
Hattie B's Hot Chicken,8,(615) 802-5700,"112 19th Ave S, Nashville, TN 37203",4.6,https://www.hattieb.com/,"Hattie B's Hot Chicken is a popular hot chicken chain born in Nashville. Known for its range of spice levels, from mild to “shut the cluck up,” it’s a go-to for locals and tourists. The lines are long but worth it.",https://www.youtube.com/watch?v=tYS_hN9M74g
"The Catbird Seat",8,(615) 810-8200,"1711 Division St, Nashville, TN 37203",4.7,https://www.thecatbirdseatrestaurant.com/,"The Catbird Seat is a chef-driven tasting-menu-only restaurant in Nashville. Diners sit around an open kitchen and watch their multi-course meals prepared in real time. It’s exclusive, interactive, and unforgettable.",https://www.youtube.com/watch?v=OTOSWT0Dqoo
Henrietta Red,8,(615) 490-8042,"1200 4th Ave N, Nashville, TN 37208",4.6,https://www.henriettared.com/,"Henrietta Red is a bright, stylish oyster bar and restaurant in Nashville’s Germantown. It offers seasonal American cuisine with a strong seafood focus. The space is airy, modern, and ideal for casual-chic dining.",https://www.tripadvisor.com/Restaurant_Review-g55229-d12177904-Reviews-Henrietta_Red-Nashville_Davidson_County_Tennessee.html
Pinewood Social,8,(615) 751-8111,"33 Peabody St, Nashville, TN 37210",4.6,https://pinewoodsocial.com/,"Pinewood Social is a multipurpose venue with a restaurant, bar, and even bowling lanes. Located in a historic warehouse, it offers Southern-inspired dishes and brunch favorites. The concept combines dining, work, and play.",https://www.youtube.com/watch?v=M42xT8DrTRo
The Electric Jane,8,(615) 964-7175,"1301 Division St, Nashville, TN 37203",4.2,https://theelectricjane.com/,The Electric Jane is a dynamic Nashville venue combining elevated cuisine with live entertainment. It offers creative American dishes in a stylish space that transitions into nightlife. Great for groups and late-night fun.,https://www.youtube.com/watch?v=g3z8JX0usUU
The Farm House,8,(615) 522-0688,"210 Almond St, Nashville, TN 37201",4.4,https://www.thefarmhousetn.com/,"The Farm House is a Southern restaurant in Nashville that focuses on local, seasonal fare. Its rustic yet contemporary interior matches the farm-to-fork menu. Known for brunch and hearty mains, it’s welcoming and refined.",https://www.youtube.com/watch?v=IrZcRArs2c0
Lockeland Table ,8,(615) 228-4864,"1520 Woodland St, Nashville, TN 37206",4.7,https://www.lockelandtable.com/,"Lockeland Table is an East Nashville neighborhood restaurant rooted in Southern hospitality. The menu combines regional ingredients with wood-fired cooking. It’s cozy, casual, and community-oriented.",https://www.youtube.com/watch?v=Ma1SEN_koTM
Etch ,8,(615) 522-0685,"303 Demonbreun St, Nashville, TN 37201",4.7,https://etchrestaurant.com/,"Etch is a bold, globally inspired restaurant led by Chef Deb Paquette. It features daring flavor combinations and vibrant presentations in downtown Nashville. Ideal for adventurous palates seeking something beyond the usual.",https://www.youtube.com/watch?v=Iuin3MIxEnU
Martin's Bar-B-Que Joint,8,(615) 288-0880,"410 4th Ave S, Nashville, TN 37201",4.5,https://www.martinsbbqjoint.com/,"Martin's Bar-B-Que Joint is a whole-hog BBQ spot with locations across Tennessee. It serves smoky meats, Southern sides, and local beer in a laid-back setting. The casual vibe is perfect for families and BBQ enthusiasts.",https://www.youtube.com/watch?v=Rl9wfcOJRuA
The Gage,9,(312) 372-4243,"24 S Michigan Ave, Chicago, IL 60603",4.5,https://www.thegagechicago.com/,"An upscale American tavern in a historic Club Room setting overlooking Michigan Avenue, known for its house-made charcuterie, oysters, and robust craft beer list.",https://www.youtube.com/watch?v=bqevDO8EElk
The Dearborn,9,(312) 782-1531,"145 N Dearborn St, Chicago, IL 60602",4.4,https://www.theadearbornochicago.com/,"A bustling, modern American tavern with hearty comfort dishes, classic cocktails, and striking industrial-chic décor steps from the Chicago Theatre.",https://www.youtube.com/watch?v=Bn12bIQ00Us
River Roast,9,(312) 994-1000,"315 N LaSalle Dr, Chicago, IL 60654",4.5,https://www.riverroast.com/,"A riverside steakhouse and rotisserie powerhouse spotlighting prime-aged beef, whole-bird chicken, and panoramic river views in a sleek, airy dining room.",https://www.youtube.com/watch?v=P8zKVDW3VS0
The Purple Pig Restaurant,9,(312) 464-1744,"444 N Michigan Ave, Chicago, IL 60611",4.5,https://www.thepurplepigchicago.com/,"Mediterranean-style small plates and an expansive wine list, with pork-centric dishes and cheeses served in a lively, communal-style dining room.",https://www.youtube.com/watch?v=tuS7pXMHcek
Aba,9,(312) 675-1100,"500 N Franklin St, Chicago, IL 60654",4.4,https://www.abachicago.com/,"A chic Mediterranean/Middle Eastern spot offering shareable mezze, wood-fired flatbreads, and inventive cocktails in a lofty, modern space.",https://www.youtube.com/watch?v=HmRSxzGm9zU
Girl & The Goat,9,(312) 492-6262,"809 W Randolph St, Chicago, IL 60607",4.6,https://girlandthegoat.com/,"Chef Stephanie Izard’s flagship featuring bold, globally inspired small plates in a buzzing West Loop location with an open-kitchen vibe.",https://www.youtube.com/watch?v=ZA69ZIiEfRI
Cindy's Rooftop,9,(312) 551-8000,"12 S Michigan Ave, 13th Floor, Chicago, IL 60603",4.4,https://cindysrooftop.com/,"A rooftop gem atop the Chicago Athletic Association Hotel, serving seasonal American fare and craft cocktails with sweeping skyline and lake views.",https://www.youtube.com/watch?v=NEGjy3D8BuI
Monteverde Restaurant & Pastificio,9,(312) 888-9122,"1020 W Madison St, Chicago, IL 60607",4.7,https://www.monteverdechicago.com/,"A bustling Italian kitchen known for house-made pasta, inventive antipasti, and a convivial atmosphere in the heart of the West Loop.",https://www.youtube.com/watch?v=nLt-GMqGsvU
Alinea,9,(312) 867-0110,"1723 N Halsted St, Chicago, IL 60614",4.8,https://alinearestaurant.com/,"World-class fine dining by Chef Grant Achatz, offering avant-garde, multi-sensory tasting menus in an intimate Lincoln Park townhouse.",https://www.youtube.com/watch?v=WwDV-WEKH7M
The Village,9,(312) 644-8000,"954 W Fulton Market, Chicago, IL 60607",4.6,https://thevillagefarmhouse.com/,"A farm-to-table pioneer celebrating Midwestern ingredients with seasonal tasting menus and a warm, rustic dining room in Fulton Market.",https://www.tiktok.com/@thevillage_chi/video/7436859908470967594?is_from_webapp=1&sender_device=pc
Weera Thai Restaurant,10,(702) 638-2488,"750 S Rampart Blvd, Ste 40, Las Vegas, NV 89145",4.3,https://www.weerathai.com/,"A relaxed Summerlin Thai spot serving authentic pad Thai, curries, and noodle bowls with fresh ingredients and bold flavors.",https://www.youtube.com/watch?v=5QGrropzfEo
Golden Steer Steakhouse,10,(702) 384-4470,"308 W Sahara Ave, Las Vegas, NV 89102",4.6,https://goldensteer.com/?srsltid=AfmBOooD6KsmF54x60_jpt1yY_HQ-noMkoO9Hy2rN7k2Io-tkbkKCqZ0,"
Golden Steer Steakhouse Las Vegas, located just off the Strip at 308 W. Sahara Avenue, is the city's oldest and most iconic steakhouse, serving guests since 1958. Steeped in history, the restaurant boasts a classic, old-school Vegas ambiance where legendary entertainers like Frank Sinatra and Elvis Presley once dined.",https://www.youtube.com/watch?v=dB2PlevOWmA
Mother Wolf Las Vegas,10,(702) 773-1088,"150 Las Vegas Blvd S, The Shops at Crystals, Las Vegas, NV 89106",4.5,https://motherwolflagroup.com/location/mother-wolf,"A polished Italian trattoria by Chef Tony Gemignani, featuring handmade pastas, wood-fired pizzas, and an upscale retail-district ambiance.",https://www.instagram.com/motherwolflv/
Americana Restaurant,10,(702) 253-6650,"3000 Paradise Rd, Las Vegas, NV 89109",4.3,http://americanaresort.com/restaurant,"Classic American and seafood dishes served in a vintage-inspired dining room at the Americana Hotel, complete with warm service and old-Vegas charm.",https://www.instagram.com/chefblandino/
Sinatra,10,(702) 369-7111,"3950 S Las Vegas Blvd, Wynn Las Vegas, NV 89109",4.7,https://www.wynnlasvegas.com/dining/fine-dining/sinatra,"A tribute to Ol’ Blue Eyes with Italian classics, steaks, and live entertainment overlooking the Lake of Dreams at Wynn Las Vegas.",https://www.youtube.com/shorts/uiPlv4csN0A
8 East,10,(702) 228-8811,"2440 E Flamingo Rd, Las Vegas, NV 89121",4.6,https://www.8eastlv.com,"A sleek Asian-fusion destination offering sushi, sashimi, and creative shareable plates alongside craft cocktails in an intimate setting.",https://www.tiktok.com/discover/8-east-las-vegas-sauce-recipe
Gondola Italian Restaurant,10,(702) 454-1234,"3377 S Las Vegas Blvd, The Venetian, Las Vegas, NV 89109",4.3,https://www.venetian.com/restaurants/gondola-italian-restaurant.html,Traditional Italian-American fare in a romantic Venetian-style dining room beside the Grand Canal at The Venetian.,https://www.instagram.com/gondolalvnv/
Andiamo Steakhouse,10,(702) 733-9463,"3445 Las Vegas Blvd S, The Palazzo, Las Vegas, NV 89109",4.5,https://www.venetian.com/restaurants/andiamo.html,"A classic steakhouse in the Venetian/Palazzo complex, best known for prime-aged steaks, fresh seafood, and Italian-inspired sides in an elegant space.",https://www.instagram.com/andiamolv/
Nobu Restaurant Las Vegas,10,(702) 770-3268,"3570 Las Vegas Blvd S, Caesars Palace, Las Vegas, NV 89109",4.5,https://www.caesars.com/caesars-palace/restaurants/nobu,"Celebrity-chef Nobu Matsuhisa’s renowned Japanese-Peruvian fusion menu, served in a minimalist, upscale dining room at Caesars Palace.",https://www.instagram.com/nobucaesarspalace/
Top Bar Restaurant,10,(702) 632-7777,"2000 S Las Vegas Blvd, Stratosphere Tower, Las Vegas, NV 89104",4.4,https://www.stratospherehotel.com/tower-dining/top-of-the-world,"The iconic revolving restaurant atop the STRAT Tower, offering panoramic views of the Strip paired with an upscale American tasting menu.",https://www.youtube.com/watch?v=rcOP-XhHlt4
Bestia,11,(213) 514-5724,"2121 E 7th Pl, Los Angeles, CA 90021",4.6,https://baveldtla.com/,"Bestia turns a converted Arts District warehouse into one of LA's most electric dining rooms, famous for house-cured salumi, blistered wood-fired pizzas, and handmade pastas. Reserve well ahead—this is one of the hardest tables in the city.",https://www.facebook.com/BestiaDTLA/
Gjelina,11,(310) 450-1429,"1429 Abbot Kinney Blvd, Venice, CA 90291",4.5,https://gjelina.com/home/,"A Venice institution on Abbot Kinney, Gjelina built its name on a vegetable-forward, wood-fired menu that reads as quintessentially Californian. The back patio is one of LA's most coveted people-watching perches.",https://www.instagram.com/gjelinarestaurant/
Bavel,11,(213) 232-4966,"500 Mateo St, Los Angeles, CA 90013",4.7,https://baveldtla.com/,"From the team behind Bestia, Bavel serves a lively, mezze-driven menu of Middle Eastern and North African cooking—whole roasted cauliflower, laffa bread, and lamb neck shawarma among the highlights.",https://www.facebook.com/BavelDTLA/
Guelaguetza,11,(213) 427-0608,"3014 W Olympic Blvd, Los Angeles, CA 90006",4.5,https://www.google.com/maps/search/Guelaguetza%203014%20W%20Olympic%20Blvd%20Los%20Angeles%20CA,"A landmark of Oaxacan cuisine near Koreatown, Guelaguetza is the place to try mole in all its varieties, alongside mezcal flights and live banda music on weekends.",https://www.facebook.com/TheGuelaguetza/
Langer's Delicatessen-Restaurant,11,(213) 483-8050,"704 S Alvarado St, Los Angeles, CA 90057",4.6,https://www.langersdeli.com/,"Open since 1947, Langer's is home to what many consider the best pastrami sandwich in America—hand-cut, double-baked rye, and a recipe that hasn't changed in generations.",https://www.instagram.com/langersdeli/
Musso & Frank Grill,11,(323) 467-7788,"6667 Hollywood Blvd, Hollywood, CA 90028",4.6,https://mussoandfrank.com/,Hollywood's oldest restaurant (open since 1919) still pours a legendary martini and grills a classic steak in red leather booths once favored by Chaplin and Fitzgerald.,https://www.instagram.com/mussoandfrankgrill/
Pizzeria Mozza,11,(323) 297-0101,"641 N Highland Ave, Los Angeles, CA 90036",4.6,https://www.pizzeriamozza.com/location/pizzeria-mozza-los-angeles/,"Nancy Silverton's blistered, chewy-crust pizzas made Highland Avenue a pilgrimage site for LA pizza lovers—save room for the butterscotch budino.",https://www.instagram.com/official.mozza/
Canter's Deli,11,(323) 651-2030,"419 N Fairfax Ave, Los Angeles, CA 90036",4.3,https://cantersdeli.com/,"A Fairfax fixture since 1931, this 24-hour Jewish deli serves towering matzo ball soup and pastrami on rye to night owls and old-school Angelenos alike.",https://www.instagram.com/canters_deli/
Anajak Thai,11,(818) 501-4201,"14704 Ventura Blvd, Sherman Oaks, CA 91403",4.7,https://www.anajakthai.com/,"Chef Justin Pichetrungsi turned his family's Valley strip-mall restaurant into one of the country's most acclaimed Thai kitchens, famous for its Thursday-night Thai taco omakase.",https://www.instagram.com/anajakthaifood/
Holbox,11,(213) 986-9972,"3655 S Grand Ave Ste C9, Los Angeles, CA 90007",4.7,http://www.mercadolapaloma.com/holbox,"Tucked inside Mercado La Paloma, Holbox serves Yucatán-style seafood—aguachile, uni tostadas, lobster empanadas—from a humble market stall that draws lines out the door.",http://www.mercadolapaloma.com/holbox
Pecan Lodge,12,(214) 748-8900,"2702 Main St, Dallas, TX 75226",4.7,https://pecanlodge.com/,"This Deep Ellum smokehouse has become Dallas's most decorated barbecue joint, known for its brisket, hot links, and Aunt Polly's banana pudding—arrive early, it sells out.",https://www.facebook.com/PecanLodge/
Mia's Tex-Mex,12,(214) 526-1020,"4334 Lemmon Ave, Dallas, TX 75219",4.5,https://miastexmex.com/,An Oak Lawn Tex-Mex institution beloved for its brisket tacos and green chile queso—famously a favorite of the Bush family for decades.,https://www.facebook.com/miastexmex/
El Fenix,12,(214) 747-1121,"1601 McKinney Ave Ste 1, Dallas, TX 75202",4.3,https://www.google.com/maps/search/El%20Fenix%201601%20McKinney%20Ave%20Dallas%20TX,"Dating to 1918 and credited with helping invent Tex-Mex cuisine, this downtown flagship still serves the chile-smothered enchiladas that made it a Dallas classic.",https://www.google.com/maps/search/El%20Fenix%201601%20McKinney%20Ave%20Dallas%20TX
Bob's Steak & Chop House,12,(214) 528-9446,"4300 Lemmon Ave, Dallas, TX 75219",4.6,https://www.bobs-steakandchop.com/,"A Dallas steakhouse standard-bearer since 1993, Bob's serves oversized, butter-basted prime cuts in a clubby, wood-paneled dining room.",https://www.bobs-steakandchop.com/
Uchi Dallas,12,(214) 855-5454,"2817 Maple Ave, Dallas, TX 75201",4.6,https://uchiba.uchirestaurants.com/location/sushi-dallas/,"The Design District outpost of Austin's celebrated sushi group brings inventive, ingredient-driven Japanese small plates and a lively bar scene to Dallas.",https://uchiba.uchirestaurants.com/location/sushi-dallas/
Sonny Bryan's Smokehouse,12,(214) 357-7120,"2202 Inwood Rd, Dallas, TX 75235",4.4,https://sonnybryans.com/,"The original Inwood Road location has been slow-smoking brisket since 1958, complete with old school-desk seating that's practically a Dallas rite of passage.",https://www.facebook.com/sonnybryansinwood/
Norma's Cafe,12,(214) 946-4711,"1123 W Davis St, Dallas, TX 75208",4.5,https://normascafe.com/,"An Oak Cliff diner since 1956, Norma's serves some of the city's best chicken-fried steak and biscuits in a resolutely old-school setting.",https://normascafe.com/
AllGood Cafe,12,(214) 742-5362,"2934 Main St, Dallas, TX 75226",4.4,https://allgood-cafe.com/,"A Deep Ellum brunch mainstay with a jukebox and live music, AllGood pairs Southern comfort food with a laid-back, art-covered dining room.",https://allgood-cafe.com/
Velvet Taco,12,(469) 862-8226,"3411 McKinney Ave, Dallas, TX 75204",4.5,https://www.google.com/maps/search/Velvet%20Taco%203411%20McKinney%20Ave%20Dallas%20TX,"Born in Dallas, this always-busy taco counter piles global flavors—Nashville hot chicken, Korean bulgogi—onto handmade flour tortillas around the clock.",https://www.google.com/maps/search/Velvet%20Taco%203411%20McKinney%20Ave%20Dallas%20TX
Nick & Sam's Steakhouse,12,(214) 871-7444,"3008 Maple Ave, Dallas, TX 75201",4.6,https://www.nick-sams.com/,"An Uptown power-dinner staple, Nick & Sam's pairs prime steaks and market-fresh seafood with tableside caviar service and live piano.",https://www.nick-sams.com/

Central Grocery & Deli,13,(504) 523-1620,"923 Decatur St, New Orleans, LA 70116",4.5,https://centralgrocery.com/,"The birthplace of the muffuletta, this century-old Italian grocery still stacks its signature sandwich with mortadella, salami, and olive salad on a round sesame loaf.",https://centralgrocery.com/
Parkway Bakery & Tavern,13,(504) 482-3047,"538 Hagan Ave, New Orleans, LA 70119",4.6,https://www.google.com/maps/search/Parkway%20Bakery%20Tavern%20538%20Hagan%20Ave%20New%20Orleans%20LA,"A century-old Mid-City po'boy shop famous for its fried oyster and roast beef debris sandwiches, best eaten on the patio overlooking Bayou St. John.",https://www.google.com/maps/search/Parkway%20Bakery%20Tavern%20538%20Hagan%20Ave%20New%20Orleans%20LA
Casamento's Restaurant,13,(504) 895-9761,"4330 Magazine St, New Orleans, LA 70115",4.6,https://casamentosrestaurant.com/,"Shucking oysters on Magazine Street since 1919, Casamento's is the place for a classic oyster loaf on pan bread, served in a spotless tiled dining room.",https://casamentosrestaurant.com/
Willie Mae's NOLA,13,(504) 354-8194,"898 Baronne St, New Orleans, LA 70113",4.6,https://williemaesnola.com/,"Widely credited with some of the best fried chicken in America, this James Beard Award-winning spot pairs its buttermilk-brined bird with red beans and rice.",https://www.instagram.com/williemaesnola/
Dooky Chase's Restaurant,13,(504) 821-0600,"2301 Orleans Ave, New Orleans, LA 70119",4.7,https://www.dookychaserestaurants.com/,"A civil-rights-era landmark in Treme, Dooky Chase's has served Leah Chase's Creole gumbo and fried chicken to generations of New Orleanians and visiting presidents alike.",https://www.dookychaserestaurants.com/
Jacques-Imo's Cafe,13,(504) 861-0886,"8324 Oak St, New Orleans, LA 70118",4.5,https://jacques-imos.com/,"A raucous Uptown dinner-only institution known for alligator sausage cheesecake and towering fried chicken plates, with a wait worth the trouble.",https://jacques-imos.com/
Cochon Restaurant,13,(504) 588-2123,"930 Tchoupitoulas St, New Orleans, LA 70130",4.6,https://cochonrestaurant.com/,"A Warehouse District Cajun kitchen built around a wood-fired oven, serving smoked pork ribs, fried boudin, and oysters with chili garlic butter.",https://cochonrestaurant.com/
Pêche Seafood Grill,13,(504) 522-1744,"800 Magazine St, New Orleans, LA 70130",4.6,https://www.pecherestaurant.com/,"From the Cochon team, Pêche grills whole fish over an open flame and serves it family-style alongside Gulf shrimp and raw-bar platters.",https://www.pecherestaurant.com/
Acme Oyster House,13,(504) 522-5973,"724 Iberville St, New Orleans, LA 70130",4.4,https://acmeoyster.com/,"A French Quarter mainstay since 1910, Acme shucks char-grilled and raw oysters by the dozen for a steady line of locals and tourists.",https://www.instagram.com/acmeoyster/
Galatoire's,13,(504) 525-2021,"209 Bourbon St, New Orleans, LA 70130",4.6,https://www.galatoires.com/,"A white-tablecloth Bourbon Street institution since 1905, Galatoire's Friday lunch is a New Orleans tradition of shrimp remoulade, souffléed potatoes, and flowing cocktails.",https://www.galatoires.com/
Buckhorn Exchange,14,303-534-9505,"1000 Osage St, Denver, CO 80204",4.5,https://www.buckhorn.com/,"Denver's oldest restaurant, open since 1893, the Buckhorn Exchange serves elk, buffalo, and Rocky Mountain oysters beneath walls covered in taxidermy and Old West memorabilia.",https://www.buckhorn.com/
Casa Bonita,14,(303) 232-5115,"6715 W Colfax Ave, Lakewood, CO 80214",4,https://www.casabonitadenver.com/,"A beloved Denver-area oddity, this Mexican restaurant-slash-amusement-park features cliff divers plunging into a pool between mariachi sets and cheese enchiladas.",https://www.casabonitadenver.com/
Sam's No. 3,14,303-534-1927,"1500 Curtis St, Denver, CO 80202",4.5,https://samsno3.com/,"A Denver diner tradition since 1927, Sam's No. 3 is where locals go for green chile smothering everything from breakfast burritos to biscuits.",https://samsno3.com/
Rioja,14,(303) 820-2282,"1431 Larimer St, Denver, CO 80202",4.6,https://www.larimersquare.com/rioja,"Chef Jennifer Jasinski's Larimer Square restaurant pairs Mediterranean-leaning, Colorado-driven cooking with handmade pastas and a well-loved patio.",https://www.facebook.com/riojadenver/
Cart-Driver,14,(720) 501-2264,"2239 W 30th Ave, Denver, CO 80211",4.6,https://www.cart-driver.com/lohi,This LoHi pizzeria turns out wood-fired Neapolitan-style pies and fresh oysters on a plant-filled patio that's a neighborhood favorite.,https://www.cart-driver.com/lohi
El Taco de Mexico,14,(303) 623-3926,"714 Santa Fe Dr, Denver, CO 80204",4.6,https://www.google.com/maps/search/El%20Taco%20de%20Mexico%20714%20Santa%20Fe%20Dr%20Denver%20CO,"A James Beard America's Classic, this Santa Fe Drive institution has served green chile and hand-pressed tortillas from the same family since 1985.",https://www.instagram.com/eltacodemexicodenver/
The Original Chubby's,14,(303) 455-9311,"1231 W 38th Ave, Denver, CO 80211",4.5,https://www.google.com/maps/search/The%20Original%20Chubby's%201231%20W%2038th%20Ave%20Denver%20CO,"A Denver drive-in institution since 1967, Chubby's smothers burritos in green chile for a cult following that spans generations.",https://www.instagram.com/chubbys_original_/
Cherry Cricket,14,303-322-7666,"2641 E 2nd Ave, Denver, CO 80206",4.5,https://www.google.com/maps/search/Cherry%20Cricket%202641%20E%202nd%20Ave%20Denver%20CO,"Cherry Creek North's dive-bar burger joint since 1945, famous for char-grilled patties piled with a build-your-own list of toppings.",https://www.google.com/maps/search/Cherry%20Cricket%202641%20E%202nd%20Ave%20Denver%20CO
Pete's Kitchen,14,303-321-3139,"1962 E Colfax Ave, Denver, CO 80206",4.4,https://www.petesrestaurants.com/petes-kitchen/visit,"A 24-hour Colfax Avenue diner since 1942, Pete's Kitchen is a late-night Denver rite of passage for gyro omelets and smothered breakfast burritos.",https://www.petesrestaurants.com/petes-kitchen/visit
Welton Street Cafe,14,(303) 296-6602,"2883 Welton St, Denver, CO 80205",4.6,https://weltonstreetcafe.com/,"Serving Five Points since 1999, this soul-food-and-Caribbean kitchen is known for fried catfish, smothered pork chops, and oxtail.",https://www.instagram.com/weltonstcafe/
Pike Place Chowder,15,(206) 267-2537,"1530 Post Aly Ste 11, Seattle, WA 98101",4.7,https://www.pikeplacechowder.com/,"Tucked into a Pike Place courtyard, this counter has won national chowder cook-offs for its clam and salmon chowders, served in sourdough bread bowls.",https://www.pikeplacechowder.com/
Dick's Drive-In,15,No Phone Number,"111 NE 45th St, Seattle, WA 98105",4.6,https://www.google.com/maps/search/Dick's%20Drive-In%20111%20NE%2045th%20St%20Seattle%20WA,"A Seattle institution since 1954, Dick's serves cheap foil-wrapped burgers and hand-dipped shakes from a walk-up window that still doesn't take cards.",https://www.google.com/maps/search/Dick's%20Drive-In%20111%20NE%2045th%20St%20Seattle%20WA
Maneki,15,No Phone Number,"304 6th Ave S, Seattle, WA 98104",4.5,https://www.google.com/maps/search/Maneki%20restaurant%20304%206th%20Ave%20S%20Seattle%20WA,"The longest-running Japanese restaurant in Seattle, Maneki has served nigiri and teriyaki in the International District since 1904.",https://www.google.com/maps/search/Maneki%20restaurant%20304%206th%20Ave%20S%20Seattle%20WA
Tai Tung Restaurant,15,206-622-7372,"655 S King St, Seattle, WA 98104",4.3,https://www.google.com/maps/search/Tai%20Tung%20Restaurant%20655%20S%20King%20St%20Seattle%20WA,"Seattle's oldest Chinese restaurant, open since 1935, Tai Tung once counted a young Bruce Lee among its regulars at the counter.",https://www.google.com/maps/search/Tai%20Tung%20Restaurant%20655%20S%20King%20St%20Seattle%20WA
Ezell's Famous Chicken,15,(206) 324-4141,"501 23rd Ave, Seattle, WA 98122",4.5,https://ezellschicken.com/,"A Central District fried chicken legend since 1984, said to be Oprah Winfrey's favorite, still fried in small batches to order.",https://www.facebook.com/EzellsSeattle/
Pho Bac Sup Shop,15,206-568-0882,"1240 S Jackson St, Seattle, WA 98144",4.5,https://www.google.com/maps/search/Pho%20Bac%20Sup%20Shop%201240%20S%20Jackson%20St%20Seattle%20WA,"Part of Seattle's original Vietnamese pho family, this modern outpost keeps the fragrant, slow-simmered broth that put the Phở Bắc name on the map.",https://www.google.com/maps/search/Pho%20Bac%20Sup%20Shop%201240%20S%20Jackson%20St%20Seattle%20WA
Paseo,15,(206) 545-7440,"4225 Fremont Ave N, Seattle, WA 98103",4.6,https://www.google.com/maps/search/Paseo%20Fremont%204225%20Fremont%20Ave%20N%20Seattle%20WA,"A Fremont Caribbean sandwich shop famous for its Cuban roast pork sandwich, piled high with caramelized onions and aioli on a toasted baguette.",https://www.google.com/maps/search/Paseo%20Fremont%204225%20Fremont%20Ave%20N%20Seattle%20WA
Beecher's Handmade Cheese,15,(206) 956-1964,"1600 Pike Pl, Seattle, WA 98101",4.5,https://beechershandmadecheese.com/cafe/pike-place-market/,"Watch cheesemakers at work through the window, then dig into the World's Best Mac and Cheese made with Beecher's own flagship cheddar.",https://beechershandmadecheese.com/cafe/pike-place-market/
Ivar's Acres of Clams,15,(206) 587-6500,"1001 Alaskan Way, Seattle, WA 98104",4.4,https://www.ivars.com/acres,"A waterfront Seattle seafood icon since 1938, Ivar's serves fish and chips to a soundtrack of ferry horns and gulls swooping for fries.",https://www.facebook.com/IvarsAcresOfClams/
Piroshky Piroshky,15,(206) 764-1000,"1908 Pike Pl, Seattle, WA 98101",4.6,https://piroshkybakery.com/,"A Pike Place Market staple since the 1990s, this Russian bakery draws a steady line for savory, hand-folded piroshky filled with beef, salmon, or mushroom.",https://piroshkybakery.com/

The Original Ninfa's on Navigation,16,(713) 228-1175,"2704 Navigation Blvd, Houston, TX 77003",4.6,https://www.google.com/maps/search/The%20Original%20Ninfa's%20on%20Navigation%202704%20Navigation%20Blvd%20Houston%20TX,"Where Tex-Mex icon Ninfa Laurenzo first served her sizzling beef fajitas in 1973, effectively inventing the dish—still grilled tableside in the East End original.",https://www.google.com/maps/search/The%20Original%20Ninfa's%20on%20Navigation%202704%20Navigation%20Blvd%20Houston%20TX
Truth BBQ,16,(832) 835-0001,"110 S Heights Blvd, Houston, TX 77007",4.7,https://truth-bbq.com/,"One of the most decorated barbecue joints in Texas, Truth BBQ smokes brisket and beef ribs low and slow for lines that start before the doors open.",https://truth-bbq.com/
Goode Company Barbecue,16,(713) 522-2530,"5109 Kirby Dr, Houston, TX 77098",4.6,https://www.goodecompany.com/,"A Houston barbecue institution since 1977, Goode Company smokes mesquite brisket and serves it with jalapeño cheese bread in a rustic, taxidermy-lined roadhouse.",https://www.goodecompany.com/
Christie's Seafood & Steaks,16,(713) 978-6563,"6029 Westheimer Rd, Houston, TX 77057",4.5,https://www.christies-restaurant.com/,"Family-run since 1917, Christie's built its name on fried fish po'boys and now serves Gulf seafood and steaks in a bright, old-school dining room.",https://www.christies-restaurant.com/
Pizzitola's Bar-B-Cue,16,(713) 227-2283,"1703 Shepherd Dr, Houston, TX 77007",4.6,https://www.google.com/maps/search/Pizzitola's%20Bar-B-Cue%201703%20Shepherd%20Dr%20Houston%20TX,"Open-pit barbecue since 1935, Pizzitola's still cooks brisket and sausage over an open flame with the same tangy sauce recipe passed down for generations.",https://www.facebook.com/PizzitolasHeritageBBQ/
Lankford's Grocery & Market,16,(713) 522-9555,"88 Dennis St, Houston, TX 77006",4.6,https://www.google.com/maps/search/Lankford's%20Grocery%20Market%2088%20Dennis%20St%20Houston%20TX,"A converted 1937 grocery store turned burger joint, Lankford's piles its patties high—the Ricos Tacos-topped Grim Burger is a Montrose legend.",https://www.facebook.com/lankfordgrocery/
Barbecue Inn,16,(713) 695-8112,"116 W Crosstimbers St, Houston, TX 77018",4.5,https://thebarbecueinn.com/,"A family-run Houston barbecue and chicken-fried steak spot since 1946, still run by the third generation of the same family.",https://thebarbecueinn.com/
Molina's Cantina,16,(713) 432-1626,"3801 Bellaire Blvd, Houston, TX 77025",4.5,https://www.google.com/maps/search/Molina's%20Cantina%203801%20Bellaire%20Blvd%20Houston%20TX,"A Houston Tex-Mex mainstay since 1941, Molina's has served three generations of the same family's enchiladas, tacos, and margaritas.",https://www.facebook.com/molinascantinabellaire/
Cleburne Cafeteria,16,(713) 667-2386,"3606 Bissonnet St, Houston, TX 77005",4.5,https://cleburnecafeteria.com/,"A cafeteria-style Houston institution since 1941, Cleburne serves fresh vegetables, roasted meats, and made-from-scratch desserts down a nostalgic steam-table line.",https://cleburnecafeteria.com/
Tel-Wink Grill,16,(713) 644-4933,"4318 Telephone Rd, Houston, TX 77087",4.5,https://www.google.com/maps/search/Tel-Wink%20Grill%204318%20Telephone%20Rd%20Houston%20TX,"A Gulfgate diner since 1940, Tel-Wink Grill is a Houston favorite for biscuits and gravy, chicken fried steak, and stacked triple-decker sandwiches.",https://www.google.com/maps/search/Tel-Wink%20Grill%204318%20Telephone%20Rd%20Houston%20TX
